front,back,unidad,materia,submateria,tipo,nivel
¿Qué es el ejercicio de un derecho?,Uso de facultades para satisfacer el interés del titular.,DERECHO_CIVIL_1,RELACION_JURIDICA_Y_DERECHOS_SUBJETIVOS,EJERCICIO_Y_LIMITES,CIVIL,BASICO
¿Qué son los límites de los derechos?,Fronteras para evitar daños a otros o al bien común.,DERECHO_CIVIL_1,RELACION_JURIDICA_Y_DERECHOS_SUBJETIVOS,EJERCICIO_Y_LIMITES,CIVIL,BASICO
¿Qué es la buena fe en el ejercicio?,"Actuar con rectitud, lealtad y honestidad.",DERECHO_CIVIL_1,RELACION_JURIDICA_Y_DERECHOS_SUBJETIVOS,EJERCICIO_Y_LIMITES,CIVIL,BASICO
¿Qué es el abuso del derecho?,Ejercicio legal que excede límites de moral o fin social.,DERECHO_CIVIL_1,RELACION_JURIDICA_Y_DERECHOS_SUBJETIVOS,EJERCICIO_Y_LIMITES,CIVIL,BASICO
¿Qué es la teoría de actos propios?,Impide contradecir conductas anteriores para defraudar confianza.,DERECHO_CIVIL_1,RELACION_JURIDICA_Y_DERECHOS_SUBJETIVOS,EJERCICIO_Y_LIMITES,CIVIL,BASICO
Aforismo de actos propios.,'Venire contra factum proprium non valet'.,DERECHO_CIVIL_1,RELACION_JURIDICA_Y_DERECHOS_SUBJETIVOS,EJERCICIO_Y_LIMITES,CIVIL,BASICO
¿Qué es la colisión de derechos?,Ejercicio de un derecho impide el ejercicio de otro ajeno.,DERECHO_CIVIL_1,RELACION_JURIDICA_Y_DERECHOS_SUBJETIVOS,EJERCICIO_Y_LIMITES,CIVIL,BASICO
¿Qué es el límite temporal (prescripción)?,Extinción de facultad de exigir por no uso en tiempo legal.,DERECHO_CIVIL_1,RELACION_JURIDICA_Y_DERECHOS_SUBJETIVOS,EJERCICIO_Y_LIMITES,CIVIL,BASICO
¿Qué es la función social de propiedad?,Obligación de armonizar dominio con intereses colectivos.,DERECHO_CIVIL_1,RELACION_JURIDICA_Y_DERECHOS_SUBJETIVOS,EJERCICIO_Y_LIMITES,CIVIL,BASICO
¿Qué es un límite intrínseco?,Deriva de la naturaleza y finalidad misma del derecho.,DERECHO_CIVIL_1,RELACION_JURIDICA_Y_DERECHOS_SUBJETIVOS,EJERCICIO_Y_LIMITES,CIVIL,BASICO
¿Qué es un límite extrínseco?,Proviene de factores externos: ley o derechos de terceros.,DERECHO_CIVIL_1,RELACION_JURIDICA_Y_DERECHOS_SUBJETIVOS,EJERCICIO_Y_LIMITES,CIVIL,BASICO
¿Qué es buena fe objetiva? (Art. 1546).,Estándar de comportamiento leal en tráfico jurídico.,DERECHO_CIVIL_1,RELACION_JURIDICA_Y_DERECHOS_SUBJETIVOS,EJERCICIO_Y_LIMITES,CIVIL,BASICO
¿Qué es la caducidad como límite?,Extinción automática por no realizar acto en plazo fatal.,DERECHO_CIVIL_1,RELACION_JURIDICA_Y_DERECHOS_SUBJETIVOS,EJERCICIO_Y_LIMITES,CIVIL,BASICO
¿Qué es el principio de prioridad?,"'Prior tempore, potior iure' (Primero en tiempo, mejor en derecho).",DERECHO_CIVIL_1,RELACION_JURIDICA_Y_DERECHOS_SUBJETIVOS,EJERCICIO_Y_LIMITES,CIVIL,BASICO
¿Qué es el interés general como límite?,Sacrificio individual en favor de estabilidad/progreso estatal.,DERECHO_CIVIL_1,RELACION_JURIDICA_Y_DERECHOS_SUBJETIVOS,EJERCICIO_Y_LIMITES,CIVIL,BASICO
¿Cuál es el efecto del ejercicio abusivo?,Indemnizar perjuicios y cese de conducta.,DERECHO_CIVIL_1,RELACION_JURIDICA_Y_DERECHOS_SUBJETIVOS,EJERCICIO_Y_LIMITES,CIVIL,BASICO
Analice abuso del derecho clásico.,Criterio subjetivo: intención de dañar al ejercer derecho.,DERECHO_CIVIL_1,RELACION_JURIDICA_Y_DERECHOS_SUBJETIVOS,EJERCICIO_Y_LIMITES,CIVIL,INTERMEDIO
Analice abuso del derecho moderno.,Criterio objetivo: desviación del fin social/económico del derecho.,DERECHO_CIVIL_1,RELACION_JURIDICA_Y_DERECHOS_SUBJETIVOS,EJERCICIO_Y_LIMITES,CIVIL,INTERMEDIO
Requisitos de Teoría de Actos Propios.,1. Conducta válida; 2. Confianza generada; 3. Contradicción dañina.,DERECHO_CIVIL_1,RELACION_JURIDICA_Y_DERECHOS_SUBJETIVOS,EJERCICIO_Y_LIMITES,CIVIL,INTERMEDIO
Relación buena fe y 'exceptio doli'.,Freno a quien ejerce derecho de forma maliciosa.,DERECHO_CIVIL_1,RELACION_JURIDICA_Y_DERECHOS_SUBJETIVOS,EJERCICIO_Y_LIMITES,CIVIL,INTERMEDIO
Límite: buena fe de los terceros.,Impide anular actos de terceros de buena fe al ejercer derecho.,DERECHO_CIVIL_1,RELACION_JURIDICA_Y_DERECHOS_SUBJETIVOS,EJERCICIO_Y_LIMITES,CIVIL,INTERMEDIO
Abuso en Propiedad Horizontal.,Límite a modificaciones que afecten estética/seguridad común.,DERECHO_CIVIL_1,RELACION_JURIDICA_Y_DERECHOS_SUBJETIVOS,EJERCICIO_Y_LIMITES,CIVIL,INTERMEDIO
Límites legales vs convencionales.,Legales por norma general; Convencionales pactados por partes.,DERECHO_CIVIL_1,RELACION_JURIDICA_Y_DERECHOS_SUBJETIVOS,EJERCICIO_Y_LIMITES,CIVIL,INTERMEDIO
Función social en la CPR.,Permite expropiación/limitación por utilidad pública/ambiente.,DERECHO_CIVIL_1,RELACION_JURIDICA_Y_DERECHOS_SUBJETIVOS,EJERCICIO_Y_LIMITES,CIVIL,INTERMEDIO
Tutela de la apariencia.,Protección de quien confía en situación que parece jurídica.,DERECHO_CIVIL_1,RELACION_JURIDICA_Y_DERECHOS_SUBJETIVOS,EJERCICIO_Y_LIMITES,CIVIL,INTERMEDIO
Enriquecimiento sin causa como límite.,Impide lucro a costa ajena sin base legal al ejercer derecho.,DERECHO_CIVIL_1,RELACION_JURIDICA_Y_DERECHOS_SUBJETIVOS,EJERCICIO_Y_LIMITES,CIVIL,INTERMEDIO
Orden público económico.,Estado interviene limitando libertad contractual por interés social.,DERECHO_CIVIL_1,RELACION_JURIDICA_Y_DERECHOS_SUBJETIVOS,EJERCICIO_Y_LIMITES,CIVIL,INTERMEDIO
Ejercicio derechos de incapaces.,Requieren representantes para evitar daño al patrimonio.,DERECHO_CIVIL_1,RELACION_JURIDICA_Y_DERECHOS_SUBJETIVOS,EJERCICIO_Y_LIMITES,CIVIL,INTERMEDIO
Abuso vs Acto ilícito.,Ilícito es sin derecho; Abuso es con derecho excediendo fines.,DERECHO_CIVIL_1,RELACION_JURIDICA_Y_DERECHOS_SUBJETIVOS,EJERCICIO_Y_LIMITES,CIVIL,INTERMEDIO
Colisión acreedor vs mínimo deudor.,Inembargabilidad bienes básicos por dignidad humana.,DERECHO_CIVIL_1,RELACION_JURIDICA_Y_DERECHOS_SUBJETIVOS,EJERCICIO_Y_LIMITES,CIVIL,INTERMEDIO
Naturaleza responsabilidad abuso derecho.,Doctrina mayoritaria: responsabilidad extracontractual (Art. 2314).,DERECHO_CIVIL_1,RELACION_JURIDICA_Y_DERECHOS_SUBJETIVOS,EJERCICIO_Y_LIMITES,CIVIL,AVANZADO
Recepción actos propios en CS.,Aplicado para sancionar conductas incoherentes en arrendamiento.,DERECHO_CIVIL_1,RELACION_JURIDICA_Y_DERECHOS_SUBJETIVOS,EJERCICIO_Y_LIMITES,CIVIL,AVANZADO
Autonomía vs DD.HH. (Drittwirkung).,Contrato privado no puede violar derechos fundamentales básicos.,DERECHO_CIVIL_1,RELACION_JURIDICA_Y_DERECHOS_SUBJETIVOS,EJERCICIO_Y_LIMITES,CIVIL,AVANZADO
Buena fe e integración del contrato.,Juez añade deberes de información/seguridad no escritos.,DERECHO_CIVIL_1,RELACION_JURIDICA_Y_DERECHOS_SUBJETIVOS,EJERCICIO_Y_LIMITES,CIVIL,AVANZADO
Abuso en derechos 'absolutos'.,Ningún derecho es tan absoluto que permita daño injustificado.,DERECHO_CIVIL_1,RELACION_JURIDICA_Y_DERECHOS_SUBJETIVOS,EJERCICIO_Y_LIMITES,CIVIL,AVANZADO
Teoría imprevisión como límite.,Revisar contratos si hay excesiva onerosidad extraordinaria.,DERECHO_CIVIL_1,RELACION_JURIDICA_Y_DERECHOS_SUBJETIVOS,EJERCICIO_Y_LIMITES,CIVIL,AVANZADO
Prescripción en derechos personalidad.,Imprescriptibles por dignidad; acción indemnización si prescribe.,DERECHO_CIVIL_1,RELACION_JURIDICA_Y_DERECHOS_SUBJETIVOS,EJERCICIO_Y_LIMITES,CIVIL,AVANZADO
Abuso en acciones judiciales.,Sanción a litigancia temeraria sin fundamento real.,DERECHO_CIVIL_1,RELACION_JURIDICA_Y_DERECHOS_SUBJETIVOS,EJERCICIO_Y_LIMITES,CIVIL,AVANZADO
Equidad natural en colisión derechos.,Criterio de cierre si normas positivas no dan jerarquía clara.,DERECHO_CIVIL_1,RELACION_JURIDICA_Y_DERECHOS_SUBJETIVOS,EJERCICIO_Y_LIMITES,CIVIL,AVANZADO
Proporcionalidad en derechos potestativos.,Evita daños desproporcionados al interés perseguido.,DERECHO_CIVIL_1,RELACION_JURIDICA_Y_DERECHOS_SUBJETIVOS,EJERCICIO_Y_LIMITES,CIVIL,AVANZADO
¿Qué es el ejercicio de un derecho? (Variante 1),Uso de facultades para satisfacer el interés del titular.,DERECHO_CIVIL_1,RELACION_JURIDICA_Y_DERECHOS_SUBJETIVOS,EJERCICIO_Y_LIMITES,CIVIL,BASICO
¿Qué son los límites de los derechos? (Variante 1),Fronteras para evitar daños a otros o al bien común.,DERECHO_CIVIL_1,RELACION_JURIDICA_Y_DERECHOS_SUBJETIVOS,EJERCICIO_Y_LIMITES,CIVIL,BASICO
¿Qué es la buena fe en el ejercicio? (Variante 1),"Actuar con rectitud, lealtad y honestidad.",DERECHO_CIVIL_1,RELACION_JURIDICA_Y_DERECHOS_SUBJETIVOS,EJERCICIO_Y_LIMITES,CIVIL,BASICO
¿Qué es el abuso del derecho? (Variante 1),Ejercicio legal que excede límites de moral o fin social.,DERECHO_CIVIL_1,RELACION_JURIDICA_Y_DERECHOS_SUBJETIVOS,EJERCICIO_Y_LIMITES,CIVIL,BASICO
¿Qué es la teoría de actos propios? (Variante 1),Impide contradecir conductas anteriores para defraudar confianza.,DERECHO_CIVIL_1,RELACION_JURIDICA_Y_DERECHOS_SUBJETIVOS,EJERCICIO_Y_LIMITES,CIVIL,BASICO
Aforismo de actos propios. (Variante 1),'Venire contra factum proprium non valet'.,DERECHO_CIVIL_1,RELACION_JURIDICA_Y_DERECHOS_SUBJETIVOS,EJERCICIO_Y_LIMITES,CIVIL,BASICO
¿Qué es la colisión de derechos? (Variante 1),Ejercicio de un derecho impide el ejercicio de otro ajeno.,DERECHO_CIVIL_1,RELACION_JURIDICA_Y_DERECHOS_SUBJETIVOS,EJERCICIO_Y_LIMITES,CIVIL,BASICO
¿Qué es el límite temporal (prescripción)? (Variante 1),Extinción de facultad de exigir por no uso en tiempo legal.,DERECHO_CIVIL_1,RELACION_JURIDICA_Y_DERECHOS_SUBJETIVOS,EJERCICIO_Y_LIMITES,CIVIL,BASICO
¿Qué es la función social de propiedad? (Variante 1),Obligación de armonizar dominio con intereses colectivos.,DERECHO_CIVIL_1,RELACION_JURIDICA_Y_DERECHOS_SUBJETIVOS,EJERCICIO_Y_LIMITES,CIVIL,BASICO
¿Qué es un límite intrínseco? (Variante 1),Deriva de la naturaleza y finalidad misma del derecho.,DERECHO_CIVIL_1,RELACION_JURIDICA_Y_DERECHOS_SUBJETIVOS,EJERCICIO_Y_LIMITES,CIVIL,BASICO
¿Qué es un límite extrínseco? (Variante 1),Proviene de factores externos: ley o derechos de terceros.,DERECHO_CIVIL_1,RELACION_JURIDICA_Y_DERECHOS_SUBJETIVOS,EJERCICIO_Y_LIMITES,CIVIL,BASICO
¿Qué es buena fe objetiva? (Art. 1546). (Variante 1),Estándar de comportamiento leal en tráfico jurídico.,DERECHO_CIVIL_1,RELACION_JURIDICA_Y_DERECHOS_SUBJETIVOS,EJERCICIO_Y_LIMITES,CIVIL,BASICO
¿Qué es la caducidad como límite? (Variante 1),Extinción automática por no realizar acto en plazo fatal.,DERECHO_CIVIL_1,RELACION_JURIDICA_Y_DERECHOS_SUBJETIVOS,EJERCICIO_Y_LIMITES,CIVIL,BASICO
¿Qué es el principio de prioridad? (Variante 1),"'Prior tempore, potior iure' (Primero en tiempo, mejor en derecho).",DERECHO_CIVIL_1,RELACION_JURIDICA_Y_DERECHOS_SUBJETIVOS,EJERCICIO_Y_LIMITES,CIVIL,BASICO
¿Qué es el interés general como límite? (Variante 1),Sacrificio individual en favor de estabilidad/progreso estatal.,DERECHO_CIVIL_1,RELACION_JURIDICA_Y_DERECHOS_SUBJETIVOS,EJERCICIO_Y_LIMITES,CIVIL,BASICO
¿Cuál es el efecto del ejercicio abusivo? (Variante 1),Indemnizar perjuicios y cese de conducta.,DERECHO_CIVIL_1,RELACION_JURIDICA_Y_DERECHOS_SUBJETIVOS,EJERCICIO_Y_LIMITES,CIVIL,BASICO
Analice abuso del derecho clásico. (Variante 1),Criterio subjetivo: intención de dañar al ejercer derecho.,DERECHO_CIVIL_1,RELACION_JURIDICA_Y_DERECHOS_SUBJETIVOS,EJERCICIO_Y_LIMITES,CIVIL,INTERMEDIO
Analice abuso del derecho moderno. (Variante 1),Criterio objetivo: desviación del fin social/económico del derecho.,DERECHO_CIVIL_1,RELACION_JURIDICA_Y_DERECHOS_SUBJETIVOS,EJERCICIO_Y_LIMITES,CIVIL,INTERMEDIO
Requisitos de Teoría de Actos Propios. (Variante 1),1. Conducta válida; 2. Confianza generada; 3. Contradicción dañina.,DERECHO_CIVIL_1,RELACION_JURIDICA_Y_DERECHOS_SUBJETIVOS,EJERCICIO_Y_LIMITES,CIVIL,INTERMEDIO
Relación buena fe y 'exceptio doli'. (Variante 1),Freno a quien ejerce derecho de forma maliciosa.,DERECHO_CIVIL_1,RELACION_JURIDICA_Y_DERECHOS_SUBJETIVOS,EJERCICIO_Y_LIMITES,CIVIL,INTERMEDIO
Límite: buena fe de los terceros. (Variante 1),Impide anular actos de terceros de buena fe al ejercer derecho.,DERECHO_CIVIL_1,RELACION_JURIDICA_Y_DERECHOS_SUBJETIVOS,EJERCICIO_Y_LIMITES,CIVIL,INTERMEDIO
Abuso en Propiedad Horizontal. (Variante 1),Límite a modificaciones que afecten estética/seguridad común.,DERECHO_CIVIL_1,RELACION_JURIDICA_Y_DERECHOS_SUBJETIVOS,EJERCICIO_Y_LIMITES,CIVIL,INTERMEDIO
Límites legales vs convencionales. (Variante 1),Legales por norma general; Convencionales pactados por partes.,DERECHO_CIVIL_1,RELACION_JURIDICA_Y_DERECHOS_SUBJETIVOS,EJERCICIO_Y_LIMITES,CIVIL,INTERMEDIO
Función social en la CPR. (Variante 1),Permite expropiación/limitación por utilidad pública/ambiente.,DERECHO_CIVIL_1,RELACION_JURIDICA_Y_DERECHOS_SUBJETIVOS,EJERCICIO_Y_LIMITES,CIVIL,INTERMEDIO
Tutela de la apariencia. (Variante 1),Protección de quien confía en situación que parece jurídica.,DERECHO_CIVIL_1,RELACION_JURIDICA_Y_DERECHOS_SUBJETIVOS,EJERCICIO_Y_LIMITES,CIVIL,INTERMEDIO
Enriquecimiento sin causa como límite. (Variante 1),Impide lucro a costa ajena sin base legal al ejercer derecho.,DERECHO_CIVIL_1,RELACION_JURIDICA_Y_DERECHOS_SUBJETIVOS,EJERCICIO_Y_LIMITES,CIVIL,INTERMEDIO
Orden público económico. (Variante 1),Estado interviene limitando libertad contractual por interés social.,DERECHO_CIVIL_1,RELACION_JURIDICA_Y_DERECHOS_SUBJETIVOS,EJERCICIO_Y_LIMITES,CIVIL,INTERMEDIO
Ejercicio derechos de incapaces. (Variante 1),Requieren representantes para evitar daño al patrimonio.,DERECHO_CIVIL_1,RELACION_JURIDICA_Y_DERECHOS_SUBJETIVOS,EJERCICIO_Y_LIMITES,CIVIL,INTERMEDIO
Abuso vs Acto ilícito. (Variante 1),Ilícito es sin derecho; Abuso es con derecho excediendo fines.,DERECHO_CIVIL_1,RELACION_JURIDICA_Y_DERECHOS_SUBJETIVOS,EJERCICIO_Y_LIMITES,CIVIL,INTERMEDIO
Colisión acreedor vs mínimo deudor. (Variante 1),Inembargabilidad bienes básicos por dignidad humana.,DERECHO_CIVIL_1,RELACION_JURIDICA_Y_DERECHOS_SUBJETIVOS,EJERCICIO_Y_LIMITES,CIVIL,INTERMEDIO
Naturaleza responsabilidad abuso derecho. (Variante 1),Doctrina mayoritaria: responsabilidad extracontractual (Art. 2314).,DERECHO_CIVIL_1,RELACION_JURIDICA_Y_DERECHOS_SUBJETIVOS,EJERCICIO_Y_LIMITES,CIVIL,AVANZADO
Recepción actos propios en CS. (Variante 1),Aplicado para sancionar conductas incoherentes en arrendamiento.,DERECHO_CIVIL_1,RELACION_JURIDICA_Y_DERECHOS_SUBJETIVOS,EJERCICIO_Y_LIMITES,CIVIL,AVANZADO
Autonomía vs DD.HH. (Drittwirkung). (Variante 1),Contrato privado no puede violar derechos fundamentales básicos.,DERECHO_CIVIL_1,RELACION_JURIDICA_Y_DERECHOS_SUBJETIVOS,EJERCICIO_Y_LIMITES,CIVIL,AVANZADO
Buena fe e integración del contrato. (Variante 1),Juez añade deberes de información/seguridad no escritos.,DERECHO_CIVIL_1,RELACION_JURIDICA_Y_DERECHOS_SUBJETIVOS,EJERCICIO_Y_LIMITES,CIVIL,AVANZADO
Abuso en derechos 'absolutos'. (Variante 1),Ningún derecho es tan absoluto que permita daño injustificado.,DERECHO_CIVIL_1,RELACION_JURIDICA_Y_DERECHOS_SUBJETIVOS,EJERCICIO_Y_LIMITES,CIVIL,AVANZADO
Teoría imprevisión como límite. (Variante 1),Revisar contratos si hay excesiva onerosidad extraordinaria.,DERECHO_CIVIL_1,RELACION_JURIDICA_Y_DERECHOS_SUBJETIVOS,EJERCICIO_Y_LIMITES,CIVIL,AVANZADO
Prescripción en derechos personalidad. (Variante 1),Imprescriptibles por dignidad; acción indemnización si prescribe.,DERECHO_CIVIL_1,RELACION_JURIDICA_Y_DERECHOS_SUBJETIVOS,EJERCICIO_Y_LIMITES,CIVIL,AVANZADO
Abuso en acciones judiciales. (Variante 1),Sanción a litigancia temeraria sin fundamento real.,DERECHO_CIVIL_1,RELACION_JURIDICA_Y_DERECHOS_SUBJETIVOS,EJERCICIO_Y_LIMITES,CIVIL,AVANZADO
Equidad natural en colisión derechos. (Variante 1),Criterio de cierre si normas positivas no dan jerarquía clara.,DERECHO_CIVIL_1,RELACION_JURIDICA_Y_DERECHOS_SUBJETIVOS,EJERCICIO_Y_LIMITES,CIVIL,AVANZADO
Proporcionalidad en derechos potestativos. (Variante 1),Evita daños desproporcionados al interés perseguido.,DERECHO_CIVIL_1,RELACION_JURIDICA_Y_DERECHOS_SUBJETIVOS,EJERCICIO_Y_LIMITES,CIVIL,AVANZADO
¿Qué es un derecho real?,El que tenemos sobre una cosa sin respecto a determinada persona (Art. 577).,DERECHO_CIVIL_1,RELACION_JURIDICA_Y_DERECHOS_SUBJETIVOS,CLASIFICACION_DERECHOS,CIVIL,BASICO
¿Qué es un derecho personal o crédito?,Aquel reclamable solo de personas que han contraído la obligación (Art. 578).,DERECHO_CIVIL_1,RELACION_JURIDICA_Y_DERECHOS_SUBJETIVOS,CLASIFICACION_DERECHOS,CIVIL,BASICO
¿Qué son los derechos patrimoniales?,Aquellos con valor económico y susceptibles de intercambio.,DERECHO_CIVIL_1,RELACION_JURIDICA_Y_DERECHOS_SUBJETIVOS,CLASIFICACION_DERECHOS,CIVIL,BASICO
¿Qué son los derechos extrapatrimoniales?,"Sin valor pecuniario directo, como derechos de la personalidad.",DERECHO_CIVIL_1,RELACION_JURIDICA_Y_DERECHOS_SUBJETIVOS,CLASIFICACION_DERECHOS,CIVIL,BASICO
¿Qué es un derecho transmisible?,Aquel que pasa del titular fallecido a sus herederos.,DERECHO_CIVIL_1,RELACION_JURIDICA_Y_DERECHOS_SUBJETIVOS,CLASIFICACION_DERECHOS,CIVIL,BASICO
¿Qué es un derecho intransmisible?,Aquel que se extingue con la muerte del titular (ej. usufructo).,DERECHO_CIVIL_1,RELACION_JURIDICA_Y_DERECHOS_SUBJETIVOS,CLASIFICACION_DERECHOS,CIVIL,BASICO
¿Qué son los derechos absolutos?,Imponen un deber general de respeto a todos (erga omnes).,DERECHO_CIVIL_1,RELACION_JURIDICA_Y_DERECHOS_SUBJETIVOS,CLASIFICACION_DERECHOS,CIVIL,BASICO
¿Qué son los derechos relativos?,Solo vinculan a sujetos determinados (acreedor-deudor).,DERECHO_CIVIL_1,RELACION_JURIDICA_Y_DERECHOS_SUBJETIVOS,CLASIFICACION_DERECHOS,CIVIL,BASICO
Mencione ejemplos de derechos reales.,"Dominio, herencia, usufructo, servidumbres, prenda, hipoteca.",DERECHO_CIVIL_1,RELACION_JURIDICA_Y_DERECHOS_SUBJETIVOS,CLASIFICACION_DERECHOS,CIVIL,BASICO
Mencione ejemplos de derechos personales.,"Préstamo de dinero, derecho a recibir alimentos, etc.",DERECHO_CIVIL_1,RELACION_JURIDICA_Y_DERECHOS_SUBJETIVOS,CLASIFICACION_DERECHOS,CIVIL,BASICO
¿Qué son los derechos de la personalidad?,"Inherentes al ser humano por su naturaleza (ej. vida, honor).",DERECHO_CIVIL_1,RELACION_JURIDICA_Y_DERECHOS_SUBJETIVOS,CLASIFICACION_DERECHOS,CIVIL,BASICO
¿Qué son los derechos de familia?,Derivan de vínculos de parentesco o matrimonio.,DERECHO_CIVIL_1,RELACION_JURIDICA_Y_DERECHOS_SUBJETIVOS,CLASIFICACION_DERECHOS,CIVIL,BASICO
¿Qué es un derecho presente?,Aquel ya incorporado al patrimonio del titular.,DERECHO_CIVIL_1,RELACION_JURIDICA_Y_DERECHOS_SUBJETIVOS,CLASIFICACION_DERECHOS,CIVIL,BASICO
¿Qué es un derecho accesorio?,Depende de la existencia de uno principal (ej. hipoteca).,DERECHO_CIVIL_1,RELACION_JURIDICA_Y_DERECHOS_SUBJETIVOS,CLASIFICACION_DERECHOS,CIVIL,BASICO
Diferencia real/personal (Art. 577 y 578).,Real es sobre cosa; Personal contra persona determinada.,DERECHO_CIVIL_1,RELACION_JURIDICA_Y_DERECHOS_SUBJETIVOS,CLASIFICACION_DERECHOS,CIVIL,INTERMEDIO
Diferencie derechos absolutos de relativos.,Absolutos: abstención universal; Relativos: prestación específica.,DERECHO_CIVIL_1,RELACION_JURIDICA_Y_DERECHOS_SUBJETIVOS,CLASIFICACION_DERECHOS,CIVIL,INTERMEDIO
Importancia distinción patrimonial/extrapatrimonial.,Patrimoniales comerciables/embargables; Extrapatrimoniales no.,DERECHO_CIVIL_1,RELACION_JURIDICA_Y_DERECHOS_SUBJETIVOS,CLASIFICACION_DERECHOS,CIVIL,INTERMEDIO
Diferencie transmisibles de intransmisibles.,Transmisibles pasan a herederos; Intransmisibles mueren con la persona.,DERECHO_CIVIL_1,RELACION_JURIDICA_Y_DERECHOS_SUBJETIVOS,CLASIFICACION_DERECHOS,CIVIL,INTERMEDIO
Analice clasificación por origen.,"Nacen de la ley, actos jurídicos (contratos) o hechos ilícitos.",DERECHO_CIVIL_1,RELACION_JURIDICA_Y_DERECHOS_SUBJETIVOS,CLASIFICACION_DERECHOS,CIVIL,INTERMEDIO
Diferencie entre principales y accesorios.,Accesorio sigue suerte de lo principal (accesorium sequitur principale).,DERECHO_CIVIL_1,RELACION_JURIDICA_Y_DERECHOS_SUBJETIVOS,CLASIFICACION_DERECHOS,CIVIL,INTERMEDIO
¿Qué son los derechos potestativos?,Permiten modificar esfera ajena por sola voluntad (ej. desahucio).,DERECHO_CIVIL_1,RELACION_JURIDICA_Y_DERECHOS_SUBJETIVOS,CLASIFICACION_DERECHOS,CIVIL,INTERMEDIO
Clasifique derechos por su objeto.,"Sobre cosas corporales, incorporales o sobre actos de terceros.",DERECHO_CIVIL_1,RELACION_JURIDICA_Y_DERECHOS_SUBJETIVOS,CLASIFICACION_DERECHOS,CIVIL,INTERMEDIO
Diferencie usufructo de uso/habitación.,Usufructo permite frutos; uso/habitación limitado a necesidades.,DERECHO_CIVIL_1,RELACION_JURIDICA_Y_DERECHOS_SUBJETIVOS,CLASIFICACION_DERECHOS,CIVIL,INTERMEDIO
Diferencie propiedad plena de nuda.,Plena incluye goce; Nuda solo disposición (goce en tercero).,DERECHO_CIVIL_1,RELACION_JURIDICA_Y_DERECHOS_SUBJETIVOS,CLASIFICACION_DERECHOS,CIVIL,INTERMEDIO
¿Qué son los derechos 'ad rem'?,Derechos personales en tránsito a convertirse en reales.,DERECHO_CIVIL_1,RELACION_JURIDICA_Y_DERECHOS_SUBJETIVOS,CLASIFICACION_DERECHOS,CIVIL,INTERMEDIO
Inalienabilidad legal vs convencional.,Legal impuesta (Art. 1464); Convencional por pacto (discutida).,DERECHO_CIVIL_1,RELACION_JURIDICA_Y_DERECHOS_SUBJETIVOS,CLASIFICACION_DERECHOS,CIVIL,INTERMEDIO
Acciones reales vs personales.,Reales persiguen cosa; Personales exigen prestación a deudor.,DERECHO_CIVIL_1,RELACION_JURIDICA_Y_DERECHOS_SUBJETIVOS,CLASIFICACION_DERECHOS,CIVIL,INTERMEDIO
¿Sujeto pasivo en el derecho real? (Tesis Planiol).,Sí: sujeto pasivo universal obligado a no perturbar.,DERECHO_CIVIL_1,RELACION_JURIDICA_Y_DERECHOS_SUBJETIVOS,CLASIFICACION_DERECHOS,CIVIL,AVANZADO
Crítica a distinción real/personal.,Doctrina afirma que todos son relaciones entre personas con distintos objetos.,DERECHO_CIVIL_1,RELACION_JURIDICA_Y_DERECHOS_SUBJETIVOS,CLASIFICACION_DERECHOS,CIVIL,AVANZADO
Naturaleza jurídica del derecho de herencia.,"Derecho real sobre universalidad jurídica, no cosas singulares.",DERECHO_CIVIL_1,RELACION_JURIDICA_Y_DERECHOS_SUBJETIVOS,CLASIFICACION_DERECHOS,CIVIL,AVANZADO
Derechos extrapatrimoniales y daño moral.,Lesión (honor) da derecho a reparación pecuniaria (daño moral).,DERECHO_CIVIL_1,RELACION_JURIDICA_Y_DERECHOS_SUBJETIVOS,CLASIFICACION_DERECHOS,CIVIL,AVANZADO
Transformación de derecho personal a real.,"Mediante tradición, el crédito se convierte en dominio.",DERECHO_CIVIL_1,RELACION_JURIDICA_Y_DERECHOS_SUBJETIVOS,CLASIFICACION_DERECHOS,CIVIL,AVANZADO
Obligaciones propter rem.,Deberes del titular de un derecho real por serlo (ej. gastos comunes).,DERECHO_CIVIL_1,RELACION_JURIDICA_Y_DERECHOS_SUBJETIVOS,CLASIFICACION_DERECHOS,CIVIL,AVANZADO
Oponibilidad de derechos personales a terceros.,Regla inoponibles; Excepción fraude pauliano o contratos vigentes.,DERECHO_CIVIL_1,RELACION_JURIDICA_Y_DERECHOS_SUBJETIVOS,CLASIFICACION_DERECHOS,CIVIL,AVANZADO
¿Posesión es derecho subjetivo?,Bello dice es hecho (Art. 700); Doctrina discute por acciones otorgadas.,DERECHO_CIVIL_1,RELACION_JURIDICA_Y_DERECHOS_SUBJETIVOS,CLASIFICACION_DERECHOS,CIVIL,AVANZADO
¿Qué es un derecho real? (Variante 1),El que tenemos sobre una cosa sin respecto a determinada persona (Art. 577).,DERECHO_CIVIL_1,RELACION_JURIDICA_Y_DERECHOS_SUBJETIVOS,CLASIFICACION_DERECHOS,CIVIL,BASICO
¿Qué es un derecho personal o crédito? (Variante 1),Aquel reclamable solo de personas que han contraído la obligación (Art. 578).,DERECHO_CIVIL_1,RELACION_JURIDICA_Y_DERECHOS_SUBJETIVOS,CLASIFICACION_DERECHOS,CIVIL,BASICO
¿Qué son los derechos patrimoniales? (Variante 1),Aquellos con valor económico y susceptibles de intercambio.,DERECHO_CIVIL_1,RELACION_JURIDICA_Y_DERECHOS_SUBJETIVOS,CLASIFICACION_DERECHOS,CIVIL,BASICO
¿Qué son los derechos extrapatrimoniales? (Variante 1),"Sin valor pecuniario directo, como derechos de la personalidad.",DERECHO_CIVIL_1,RELACION_JURIDICA_Y_DERECHOS_SUBJETIVOS,CLASIFICACION_DERECHOS,CIVIL,BASICO
¿Qué es un derecho transmisible? (Variante 1),Aquel que pasa del titular fallecido a sus herederos.,DERECHO_CIVIL_1,RELACION_JURIDICA_Y_DERECHOS_SUBJETIVOS,CLASIFICACION_DERECHOS,CIVIL,BASICO
¿Qué es un derecho intransmisible? (Variante 1),Aquel que se extingue con la muerte del titular (ej. usufructo).,DERECHO_CIVIL_1,RELACION_JURIDICA_Y_DERECHOS_SUBJETIVOS,CLASIFICACION_DERECHOS,CIVIL,BASICO
¿Qué son los derechos absolutos? (Variante 1),Imponen un deber general de respeto a todos (erga omnes).,DERECHO_CIVIL_1,RELACION_JURIDICA_Y_DERECHOS_SUBJETIVOS,CLASIFICACION_DERECHOS,CIVIL,BASICO
¿Qué son los derechos relativos? (Variante 1),Solo vinculan a sujetos determinados (acreedor-deudor).,DERECHO_CIVIL_1,RELACION_JURIDICA_Y_DERECHOS_SUBJETIVOS,CLASIFICACION_DERECHOS,CIVIL,BASICO
Mencione ejemplos de derechos reales. (Variante 1),"Dominio, herencia, usufructo, servidumbres, prenda, hipoteca.",DERECHO_CIVIL_1,RELACION_JURIDICA_Y_DERECHOS_SUBJETIVOS,CLASIFICACION_DERECHOS,CIVIL,BASICO
Mencione ejemplos de derechos personales. (Variante 1),"Préstamo de dinero, derecho a recibir alimentos, etc.",DERECHO_CIVIL_1,RELACION_JURIDICA_Y_DERECHOS_SUBJETIVOS,CLASIFICACION_DERECHOS,CIVIL,BASICO
¿Qué son los derechos de la personalidad? (Variante 1),"Inherentes al ser humano por su naturaleza (ej. vida, honor).",DERECHO_CIVIL_1,RELACION_JURIDICA_Y_DERECHOS_SUBJETIVOS,CLASIFICACION_DERECHOS,CIVIL,BASICO
¿Qué son los derechos de familia? (Variante 1),Derivan de vínculos de parentesco o matrimonio.,DERECHO_CIVIL_1,RELACION_JURIDICA_Y_DERECHOS_SUBJETIVOS,CLASIFICACION_DERECHOS,CIVIL,BASICO
¿Qué es un derecho presente? (Variante 1),Aquel ya incorporado al patrimonio del titular.,DERECHO_CIVIL_1,RELACION_JURIDICA_Y_DERECHOS_SUBJETIVOS,CLASIFICACION_DERECHOS,CIVIL,BASICO
¿Qué es un derecho accesorio? (Variante 1),Depende de la existencia de uno principal (ej. hipoteca).,DERECHO_CIVIL_1,RELACION_JURIDICA_Y_DERECHOS_SUBJETIVOS,CLASIFICACION_DERECHOS,CIVIL,BASICO
Diferencia real/personal (Art. 577 y 578). (Variante 1),Real es sobre cosa; Personal contra persona determinada.,DERECHO_CIVIL_1,RELACION_JURIDICA_Y_DERECHOS_SUBJETIVOS,CLASIFICACION_DERECHOS,CIVIL,INTERMEDIO
Diferencie derechos absolutos de relativos. (Variante 1),Absolutos: abstención universal; Relativos: prestación específica.,DERECHO_CIVIL_1,RELACION_JURIDICA_Y_DERECHOS_SUBJETIVOS,CLASIFICACION_DERECHOS,CIVIL,INTERMEDIO
Importancia distinción patrimonial/extrapatrimonial. (Variante 1),Patrimoniales comerciables/embargables; Extrapatrimoniales no.,DERECHO_CIVIL_1,RELACION_JURIDICA_Y_DERECHOS_SUBJETIVOS,CLASIFICACION_DERECHOS,CIVIL,INTERMEDIO
Diferencie transmisibles de intransmisibles. (Variante 1),Transmisibles pasan a herederos; Intransmisibles mueren con la persona.,DERECHO_CIVIL_1,RELACION_JURIDICA_Y_DERECHOS_SUBJETIVOS,CLASIFICACION_DERECHOS,CIVIL,INTERMEDIO
Analice clasificación por origen. (Variante 1),"Nacen de la ley, actos jurídicos (contratos) o hechos ilícitos.",DERECHO_CIVIL_1,RELACION_JURIDICA_Y_DERECHOS_SUBJETIVOS,CLASIFICACION_DERECHOS,CIVIL,INTERMEDIO
Diferencie entre principales y accesorios. (Variante 1),Accesorio sigue suerte de lo principal (accesorium sequitur principale).,DERECHO_CIVIL_1,RELACION_JURIDICA_Y_DERECHOS_SUBJETIVOS,CLASIFICACION_DERECHOS,CIVIL,INTERMEDIO
¿Qué son los derechos potestativos? (Variante 1),Permiten modificar esfera ajena por sola voluntad (ej. desahucio).,DERECHO_CIVIL_1,RELACION_JURIDICA_Y_DERECHOS_SUBJETIVOS,CLASIFICACION_DERECHOS,CIVIL,INTERMEDIO
Clasifique derechos por su objeto. (Variante 1),"Sobre cosas corporales, incorporales o sobre actos de terceros.",DERECHO_CIVIL_1,RELACION_JURIDICA_Y_DERECHOS_SUBJETIVOS,CLASIFICACION_DERECHOS,CIVIL,INTERMEDIO
Diferencie usufructo de uso/habitación. (Variante 1),Usufructo permite frutos; uso/habitación limitado a necesidades.,DERECHO_CIVIL_1,RELACION_JURIDICA_Y_DERECHOS_SUBJETIVOS,CLASIFICACION_DERECHOS,CIVIL,INTERMEDIO
Diferencie propiedad plena de nuda. (Variante 1),Plena incluye goce; Nuda solo disposición (goce en tercero).,DERECHO_CIVIL_1,RELACION_JURIDICA_Y_DERECHOS_SUBJETIVOS,CLASIFICACION_DERECHOS,CIVIL,INTERMEDIO
¿Qué son los derechos 'ad rem'? (Variante 1),Derechos personales en tránsito a convertirse en reales.,DERECHO_CIVIL_1,RELACION_JURIDICA_Y_DERECHOS_SUBJETIVOS,CLASIFICACION_DERECHOS,CIVIL,INTERMEDIO
Inalienabilidad legal vs convencional. (Variante 1),Legal impuesta (Art. 1464); Convencional por pacto (discutida).,DERECHO_CIVIL_1,RELACION_JURIDICA_Y_DERECHOS_SUBJETIVOS,CLASIFICACION_DERECHOS,CIVIL,INTERMEDIO
Acciones reales vs personales. (Variante 1),Reales persiguen cosa; Personales exigen prestación a deudor.,DERECHO_CIVIL_1,RELACION_JURIDICA_Y_DERECHOS_SUBJETIVOS,CLASIFICACION_DERECHOS,CIVIL,INTERMEDIO
¿Sujeto pasivo en el derecho real? (Tesis Planiol). (Variante 1),Sí: sujeto pasivo universal obligado a no perturbar.,DERECHO_CIVIL_1,RELACION_JURIDICA_Y_DERECHOS_SUBJETIVOS,CLASIFICACION_DERECHOS,CIVIL,AVANZADO
Crítica a distinción real/personal. (Variante 1),Doctrina afirma que todos son relaciones entre personas con distintos objetos.,DERECHO_CIVIL_1,RELACION_JURIDICA_Y_DERECHOS_SUBJETIVOS,CLASIFICACION_DERECHOS,CIVIL,AVANZADO
Naturaleza jurídica del derecho de herencia. (Variante 1),"Derecho real sobre universalidad jurídica, no cosas singulares.",DERECHO_CIVIL_1,RELACION_JURIDICA_Y_DERECHOS_SUBJETIVOS,CLASIFICACION_DERECHOS,CIVIL,AVANZADO
Derechos extrapatrimoniales y daño moral. (Variante 1),Lesión (honor) da derecho a reparación pecuniaria (daño moral).,DERECHO_CIVIL_1,RELACION_JURIDICA_Y_DERECHOS_SUBJETIVOS,CLASIFICACION_DERECHOS,CIVIL,AVANZADO
Transformación de derecho personal a real. (Variante 1),"Mediante tradición, el crédito se convierte en dominio.",DERECHO_CIVIL_1,RELACION_JURIDICA_Y_DERECHOS_SUBJETIVOS,CLASIFICACION_DERECHOS,CIVIL,AVANZADO
Obligaciones propter rem. (Variante 1),Deberes del titular de un derecho real por serlo (ej. gastos comunes).,DERECHO_CIVIL_1,RELACION_JURIDICA_Y_DERECHOS_SUBJETIVOS,CLASIFICACION_DERECHOS,CIVIL,AVANZADO
Oponibilidad de derechos personales a terceros. (Variante 1),Regla inoponibles; Excepción fraude pauliano o contratos vigentes.,DERECHO_CIVIL_1,RELACION_JURIDICA_Y_DERECHOS_SUBJETIVOS,CLASIFICACION_DERECHOS,CIVIL,AVANZADO
¿Posesión es derecho subjetivo? (Variante 1),Bello dice es hecho (Art. 700); Doctrina discute por acciones otorgadas.,DERECHO_CIVIL_1,RELACION_JURIDICA_Y_DERECHOS_SUBJETIVOS,CLASIFICACION_DERECHOS,CIVIL,AVANZADO
¿Qué es el derecho subjetivo?,Facultad otorgada por el derecho objetivo para satisfacer intereses protegidos.,DERECHO_CIVIL_1,RELACION_JURIDICA_Y_DERECHOS_SUBJETIVOS,TEORIA_DERECHOS_SUBJETIVOS,CIVIL,BASICO
¿Cuál es el núcleo de la Teoría de la Voluntad (Savigny)?,Poder de la voluntad reconocido por el ordenamiento jurídico.,DERECHO_CIVIL_1,RELACION_JURIDICA_Y_DERECHOS_SUBJETIVOS,TEORIA_DERECHOS_SUBJETIVOS,CIVIL,BASICO
¿Qué sostiene Ihering en la Teoría del Interés?,Interés jurídicamente protegido.,DERECHO_CIVIL_1,RELACION_JURIDICA_Y_DERECHOS_SUBJETIVOS,TEORIA_DERECHOS_SUBJETIVOS,CIVIL,BASICO
¿Qué es una facultad según el derecho subjetivo?,Posibilidad de realizar un acto determinado amparado por la norma.,DERECHO_CIVIL_1,RELACION_JURIDICA_Y_DERECHOS_SUBJETIVOS,TEORIA_DERECHOS_SUBJETIVOS,CIVIL,BASICO
¿Qué es una potestad?,Poder conferido para actuar sobre la esfera jurídica ajena (ej. patria potestad).,DERECHO_CIVIL_1,RELACION_JURIDICA_Y_DERECHOS_SUBJETIVOS,TEORIA_DERECHOS_SUBJETIVOS,CIVIL,BASICO
¿Qué es la pretensión?,Facultad de exigir de otro el cumplimiento de un deber jurídico.,DERECHO_CIVIL_1,RELACION_JURIDICA_Y_DERECHOS_SUBJETIVOS,TEORIA_DERECHOS_SUBJETIVOS,CIVIL,BASICO
¿Qué es el derecho subjetivo absoluto?,Aquel oponible frente a toda la colectividad (erga omnes).,DERECHO_CIVIL_1,RELACION_JURIDICA_Y_DERECHOS_SUBJETIVOS,TEORIA_DERECHOS_SUBJETIVOS,CIVIL,BASICO
¿Qué es el derecho subjetivo relativo?,Aquel que solo puede ejercerse frente a un sujeto determinado (crédito).,DERECHO_CIVIL_1,RELACION_JURIDICA_Y_DERECHOS_SUBJETIVOS,TEORIA_DERECHOS_SUBJETIVOS,CIVIL,BASICO
¿Qué es la facultad de disposición?,"Poder para desprenderse del derecho, transmitirlo o extinguirlo.",DERECHO_CIVIL_1,RELACION_JURIDICA_Y_DERECHOS_SUBJETIVOS,TEORIA_DERECHOS_SUBJETIVOS,CIVIL,BASICO
¿Qué es la facultad de goce?,Poder para percibir los frutos y utilidades que la cosa produce.,DERECHO_CIVIL_1,RELACION_JURIDICA_Y_DERECHOS_SUBJETIVOS,TEORIA_DERECHOS_SUBJETIVOS,CIVIL,BASICO
¿Qué es el derecho de acción?,Facultad de recurrir a órganos jurisdiccionales para la tutela de un derecho.,DERECHO_CIVIL_1,RELACION_JURIDICA_Y_DERECHOS_SUBJETIVOS,TEORIA_DERECHOS_SUBJETIVOS,CIVIL,BASICO
¿Qué es un derecho subjetivo público?,Facultad del individuo frente al Estado (ej. derechos fundamentales).,DERECHO_CIVIL_1,RELACION_JURIDICA_Y_DERECHOS_SUBJETIVOS,TEORIA_DERECHOS_SUBJETIVOS,CIVIL,BASICO
Diferencia entre derecho objetivo y derecho subjetivo.,Objetivo es la norma (Law); Subjetivo la facultad derivada (Right).,DERECHO_CIVIL_1,RELACION_JURIDICA_Y_DERECHOS_SUBJETIVOS,TEORIA_DERECHOS_SUBJETIVOS,CIVIL,INTERMEDIO
Explique la Teoría de la Voluntad de Windscheid.,Derecho subjetivo como poder de la voluntad otorgado por el orden jurídico.,DERECHO_CIVIL_1,RELACION_JURIDICA_Y_DERECHOS_SUBJETIVOS,TEORIA_DERECHOS_SUBJETIVOS,CIVIL,INTERMEDIO
Analice la crítica de Ihering a la teoría de la voluntad.,Hay derechos sin voluntad del titular (incapaces) y el derecho subsiste.,DERECHO_CIVIL_1,RELACION_JURIDICA_Y_DERECHOS_SUBJETIVOS,TEORIA_DERECHOS_SUBJETIVOS,CIVIL,INTERMEDIO
Explique la Teoría Ecléctica de Jellinek.,Interés protegido por el Estado mediante el poder de la voluntad.,DERECHO_CIVIL_1,RELACION_JURIDICA_Y_DERECHOS_SUBJETIVOS,TEORIA_DERECHOS_SUBJETIVOS,CIVIL,INTERMEDIO
Diferencie entre derecho subjetivo y facultad.,Derecho es el todo; facultad manifestación específica (ej. vender en el dominio).,DERECHO_CIVIL_1,RELACION_JURIDICA_Y_DERECHOS_SUBJETIVOS,TEORIA_DERECHOS_SUBJETIVOS,CIVIL,INTERMEDIO
Explique la distinción entre potestad y derecho subjetivo.,Potestad: interés ajeno/social; Derecho subjetivo: interés propio.,DERECHO_CIVIL_1,RELACION_JURIDICA_Y_DERECHOS_SUBJETIVOS,TEORIA_DERECHOS_SUBJETIVOS,CIVIL,INTERMEDIO
¿Qué es la facultad de configuración jurídica?,Poder de alterar la realidad jurídica mediante actos unilaterales.,DERECHO_CIVIL_1,RELACION_JURIDICA_Y_DERECHOS_SUBJETIVOS,TEORIA_DERECHOS_SUBJETIVOS,CIVIL,INTERMEDIO
Relación entre derecho subjetivo y pretensión.,"Pretensión es la facultad de exigir; si no se cumple, nace la acción.",DERECHO_CIVIL_1,RELACION_JURIDICA_Y_DERECHOS_SUBJETIVOS,TEORIA_DERECHOS_SUBJETIVOS,CIVIL,INTERMEDIO
Diferencia entre derecho y expectativa de derecho.,Derecho ya ingresó al patrimonio; expectativa depende de suceso futuro.,DERECHO_CIVIL_1,RELACION_JURIDICA_Y_DERECHOS_SUBJETIVOS,TEORIA_DERECHOS_SUBJETIVOS,CIVIL,INTERMEDIO
Relación entre derecho subjetivo y deber correlativo.,"Todo derecho implica un deber ajeno, sea de dar, hacer o no hacer.",DERECHO_CIVIL_1,RELACION_JURIDICA_Y_DERECHOS_SUBJETIVOS,TEORIA_DERECHOS_SUBJETIVOS,CIVIL,INTERMEDIO
¿Qué es el derecho potestativo?,Poder de influir en situación ajena sin voluntad del otro (ej. partición).,DERECHO_CIVIL_1,RELACION_JURIDICA_Y_DERECHOS_SUBJETIVOS,TEORIA_DERECHOS_SUBJETIVOS,CIVIL,INTERMEDIO
¿Cómo concilia la doctrina moderna voluntad e interés?,Interés es el objeto y la voluntad el medio de actuación para realizarlo.,DERECHO_CIVIL_1,RELACION_JURIDICA_Y_DERECHOS_SUBJETIVOS,TEORIA_DERECHOS_SUBJETIVOS,CIVIL,AVANZADO
Analice la tesis de Kelsen sobre identidad derecho/Estado.,Niega derechos autónomos; toda facultad es voluntad de la norma estatal.,DERECHO_CIVIL_1,RELACION_JURIDICA_Y_DERECHOS_SUBJETIVOS,TEORIA_DERECHOS_SUBJETIVOS,CIVIL,AVANZADO
Impacto de derechos humanos en la teoría subjetiva.,Elevan facultades a rangos inalienables que limitan la soberanía legislativa.,DERECHO_CIVIL_1,RELACION_JURIDICA_Y_DERECHOS_SUBJETIVOS,TEORIA_DERECHOS_SUBJETIVOS,CIVIL,AVANZADO
Relación entre derechos subjetivos y liberalismo jurídico.,Base para proteger propiedad y libertad frente al absolutismo.,DERECHO_CIVIL_1,RELACION_JURIDICA_Y_DERECHOS_SUBJETIVOS,TEORIA_DERECHOS_SUBJETIVOS,CIVIL,AVANZADO
Analice la 'desubjetivización' del derecho.,"Prioriza el bien común sobre facultad individual, limitando contenidos.",DERECHO_CIVIL_1,RELACION_JURIDICA_Y_DERECHOS_SUBJETIVOS,TEORIA_DERECHOS_SUBJETIVOS,CIVIL,AVANZADO
Análisis de la potestad como 'función-deber'.,"Padre no tiene derecho sobre hijo, sino potestad para cumplir deber de cuidado.",DERECHO_CIVIL_1,RELACION_JURIDICA_Y_DERECHOS_SUBJETIVOS,TEORIA_DERECHOS_SUBJETIVOS,CIVIL,AVANZADO
Análisis de la renuncia (Art. 12 CC).,Manifestación de voluntad para extinguir derechos de interés individual.,DERECHO_CIVIL_1,RELACION_JURIDICA_Y_DERECHOS_SUBJETIVOS,TEORIA_DERECHOS_SUBJETIVOS,CIVIL,AVANZADO
¿Qué es el derecho subjetivo? (Variante 1),Facultad otorgada por el derecho objetivo para satisfacer intereses protegidos.,DERECHO_CIVIL_1,RELACION_JURIDICA_Y_DERECHOS_SUBJETIVOS,TEORIA_DERECHOS_SUBJETIVOS,CIVIL,BASICO
¿Cuál es el núcleo de la Teoría de la Voluntad (Savigny)? (Variante 1),Poder de la voluntad reconocido por el ordenamiento jurídico.,DERECHO_CIVIL_1,RELACION_JURIDICA_Y_DERECHOS_SUBJETIVOS,TEORIA_DERECHOS_SUBJETIVOS,CIVIL,BASICO
¿Qué sostiene Ihering en la Teoría del Interés? (Variante 1),Interés jurídicamente protegido.,DERECHO_CIVIL_1,RELACION_JURIDICA_Y_DERECHOS_SUBJETIVOS,TEORIA_DERECHOS_SUBJETIVOS,CIVIL,BASICO
¿Qué es una facultad según el derecho subjetivo? (Variante 1),Posibilidad de realizar un acto determinado amparado por la norma.,DERECHO_CIVIL_1,RELACION_JURIDICA_Y_DERECHOS_SUBJETIVOS,TEORIA_DERECHOS_SUBJETIVOS,CIVIL,BASICO
¿Qué es una potestad? (Variante 1),Poder conferido para actuar sobre la esfera jurídica ajena (ej. patria potestad).,DERECHO_CIVIL_1,RELACION_JURIDICA_Y_DERECHOS_SUBJETIVOS,TEORIA_DERECHOS_SUBJETIVOS,CIVIL,BASICO
¿Qué es la pretensión? (Variante 1),Facultad de exigir de otro el cumplimiento de un deber jurídico.,DERECHO_CIVIL_1,RELACION_JURIDICA_Y_DERECHOS_SUBJETIVOS,TEORIA_DERECHOS_SUBJETIVOS,CIVIL,BASICO
¿Qué es el derecho subjetivo absoluto? (Variante 1),Aquel oponible frente a toda la colectividad (erga omnes).,DERECHO_CIVIL_1,RELACION_JURIDICA_Y_DERECHOS_SUBJETIVOS,TEORIA_DERECHOS_SUBJETIVOS,CIVIL,BASICO
¿Qué es el derecho subjetivo relativo? (Variante 1),Aquel que solo puede ejercerse frente a un sujeto determinado (crédito).,DERECHO_CIVIL_1,RELACION_JURIDICA_Y_DERECHOS_SUBJETIVOS,TEORIA_DERECHOS_SUBJETIVOS,CIVIL,BASICO
¿Qué es la facultad de disposición? (Variante 1),"Poder para desprenderse del derecho, transmitirlo o extinguirlo.",DERECHO_CIVIL_1,RELACION_JURIDICA_Y_DERECHOS_SUBJETIVOS,TEORIA_DERECHOS_SUBJETIVOS,CIVIL,BASICO
¿Qué es la facultad de goce? (Variante 1),Poder para percibir los frutos y utilidades que la cosa produce.,DERECHO_CIVIL_1,RELACION_JURIDICA_Y_DERECHOS_SUBJETIVOS,TEORIA_DERECHOS_SUBJETIVOS,CIVIL,BASICO
¿Qué es el derecho de acción? (Variante 1),Facultad de recurrir a órganos jurisdiccionales para la tutela de un derecho.,DERECHO_CIVIL_1,RELACION_JURIDICA_Y_DERECHOS_SUBJETIVOS,TEORIA_DERECHOS_SUBJETIVOS,CIVIL,BASICO
¿Qué es un derecho subjetivo público? (Variante 1),Facultad del individuo frente al Estado (ej. derechos fundamentales).,DERECHO_CIVIL_1,RELACION_JURIDICA_Y_DERECHOS_SUBJETIVOS,TEORIA_DERECHOS_SUBJETIVOS,CIVIL,BASICO
Diferencia entre derecho objetivo y derecho subjetivo. (Variante 1),Objetivo es la norma (Law); Subjetivo la facultad derivada (Right).,DERECHO_CIVIL_1,RELACION_JURIDICA_Y_DERECHOS_SUBJETIVOS,TEORIA_DERECHOS_SUBJETIVOS,CIVIL,INTERMEDIO
Explique la Teoría de la Voluntad de Windscheid. (Variante 1),Derecho subjetivo como poder de la voluntad otorgado por el orden jurídico.,DERECHO_CIVIL_1,RELACION_JURIDICA_Y_DERECHOS_SUBJETIVOS,TEORIA_DERECHOS_SUBJETIVOS,CIVIL,INTERMEDIO
Analice la crítica de Ihering a la teoría de la voluntad. (Variante 1),Hay derechos sin voluntad del titular (incapaces) y el derecho subsiste.,DERECHO_CIVIL_1,RELACION_JURIDICA_Y_DERECHOS_SUBJETIVOS,TEORIA_DERECHOS_SUBJETIVOS,CIVIL,INTERMEDIO
Explique la Teoría Ecléctica de Jellinek. (Variante 1),Interés protegido por el Estado mediante el poder de la voluntad.,DERECHO_CIVIL_1,RELACION_JURIDICA_Y_DERECHOS_SUBJETIVOS,TEORIA_DERECHOS_SUBJETIVOS,CIVIL,INTERMEDIO
Diferencie entre derecho subjetivo y facultad. (Variante 1),Derecho es el todo; facultad manifestación específica (ej. vender en el dominio).,DERECHO_CIVIL_1,RELACION_JURIDICA_Y_DERECHOS_SUBJETIVOS,TEORIA_DERECHOS_SUBJETIVOS,CIVIL,INTERMEDIO
Explique la distinción entre potestad y derecho subjetivo. (Variante 1),Potestad: interés ajeno/social; Derecho subjetivo: interés propio.,DERECHO_CIVIL_1,RELACION_JURIDICA_Y_DERECHOS_SUBJETIVOS,TEORIA_DERECHOS_SUBJETIVOS,CIVIL,INTERMEDIO
¿Qué es la facultad de configuración jurídica? (Variante 1),Poder de alterar la realidad jurídica mediante actos unilaterales.,DERECHO_CIVIL_1,RELACION_JURIDICA_Y_DERECHOS_SUBJETIVOS,TEORIA_DERECHOS_SUBJETIVOS,CIVIL,INTERMEDIO
Relación entre derecho subjetivo y pretensión. (Variante 1),"Pretensión es la facultad de exigir; si no se cumple, nace la acción.",DERECHO_CIVIL_1,RELACION_JURIDICA_Y_DERECHOS_SUBJETIVOS,TEORIA_DERECHOS_SUBJETIVOS,CIVIL,INTERMEDIO
Diferencia entre derecho y expectativa de derecho. (Variante 1),Derecho ya ingresó al patrimonio; expectativa depende de suceso futuro.,DERECHO_CIVIL_1,RELACION_JURIDICA_Y_DERECHOS_SUBJETIVOS,TEORIA_DERECHOS_SUBJETIVOS,CIVIL,INTERMEDIO
Relación entre derecho subjetivo y deber correlativo. (Variante 1),"Todo derecho implica un deber ajeno, sea de dar, hacer o no hacer.",DERECHO_CIVIL_1,RELACION_JURIDICA_Y_DERECHOS_SUBJETIVOS,TEORIA_DERECHOS_SUBJETIVOS,CIVIL,INTERMEDIO
¿Qué es el derecho potestativo? (Variante 1),Poder de influir en situación ajena sin voluntad del otro (ej. partición).,DERECHO_CIVIL_1,RELACION_JURIDICA_Y_DERECHOS_SUBJETIVOS,TEORIA_DERECHOS_SUBJETIVOS,CIVIL,INTERMEDIO
¿Cómo concilia la doctrina moderna voluntad e interés? (Variante 1),Interés es el objeto y la voluntad el medio de actuación para realizarlo.,DERECHO_CIVIL_1,RELACION_JURIDICA_Y_DERECHOS_SUBJETIVOS,TEORIA_DERECHOS_SUBJETIVOS,CIVIL,AVANZADO
Analice la tesis de Kelsen sobre identidad derecho/Estado. (Variante 1),Niega derechos autónomos; toda facultad es voluntad de la norma estatal.,DERECHO_CIVIL_1,RELACION_JURIDICA_Y_DERECHOS_SUBJETIVOS,TEORIA_DERECHOS_SUBJETIVOS,CIVIL,AVANZADO
Impacto de derechos humanos en la teoría subjetiva. (Variante 1),Elevan facultades a rangos inalienables que limitan la soberanía legislativa.,DERECHO_CIVIL_1,RELACION_JURIDICA_Y_DERECHOS_SUBJETIVOS,TEORIA_DERECHOS_SUBJETIVOS,CIVIL,AVANZADO
Relación entre derechos subjetivos y liberalismo jurídico. (Variante 1),Base para proteger propiedad y libertad frente al absolutismo.,DERECHO_CIVIL_1,RELACION_JURIDICA_Y_DERECHOS_SUBJETIVOS,TEORIA_DERECHOS_SUBJETIVOS,CIVIL,AVANZADO
Analice la 'desubjetivización' del derecho. (Variante 1),"Prioriza el bien común sobre facultad individual, limitando contenidos.",DERECHO_CIVIL_1,RELACION_JURIDICA_Y_DERECHOS_SUBJETIVOS,TEORIA_DERECHOS_SUBJETIVOS,CIVIL,AVANZADO
Análisis de la potestad como 'función-deber'. (Variante 1),"Padre no tiene derecho sobre hijo, sino potestad para cumplir deber de cuidado.",DERECHO_CIVIL_1,RELACION_JURIDICA_Y_DERECHOS_SUBJETIVOS,TEORIA_DERECHOS_SUBJETIVOS,CIVIL,AVANZADO
Análisis de la renuncia (Art. 12 CC). (Variante 1),Manifestación de voluntad para extinguir derechos de interés individual.,DERECHO_CIVIL_1,RELACION_JURIDICA_Y_DERECHOS_SUBJETIVOS,TEORIA_DERECHOS_SUBJETIVOS,CIVIL,AVANZADO
¿Qué es la relación jurídica según Vodanovic?,La relación entre dos o más sujetos regulada por el derecho objetivo.,DERECHO_CIVIL_1,RELACION_JURIDICA_Y_DERECHOS_SUBJETIVOS,RELACION_JURIDICA,CIVIL,BASICO
¿Cuál es la definición simple de Ducci para relación jurídica?,Una relación de la vida ordenada por el derecho.,DERECHO_CIVIL_1,RELACION_JURIDICA_Y_DERECHOS_SUBJETIVOS,RELACION_JURIDICA,CIVIL,BASICO
¿Qué es el sujeto activo en la relación jurídica?,Titular del poder o facultad (derecho subjetivo) para exigir una conducta.,DERECHO_CIVIL_1,RELACION_JURIDICA_Y_DERECHOS_SUBJETIVOS,RELACION_JURIDICA,CIVIL,BASICO
¿Qué es el sujeto pasivo en la relación jurídica?,"Titular del deber jurídico, obligado a satisfacer el interés del titular del poder.",DERECHO_CIVIL_1,RELACION_JURIDICA_Y_DERECHOS_SUBJETIVOS,RELACION_JURIDICA,CIVIL,BASICO
¿Qué es el objeto de la relación jurídica?,La entidad (bien o acto) sobre la cual recae el interés de los sujetos.,DERECHO_CIVIL_1,RELACION_JURIDICA_Y_DERECHOS_SUBJETIVOS,RELACION_JURIDICA,CIVIL,BASICO
¿Qué es el vínculo jurídico?,Nexo normativo que une a los sujetos y les atribuye poder y deber.,DERECHO_CIVIL_1,RELACION_JURIDICA_Y_DERECHOS_SUBJETIVOS,RELACION_JURIDICA,CIVIL,BASICO
¿Cómo define Figueroa la relación jurídica?,Relación social relevante para el Derecho a la cual se le imponen consecuencias.,DERECHO_CIVIL_1,RELACION_JURIDICA_Y_DERECHOS_SUBJETIVOS,RELACION_JURIDICA,CIVIL,BASICO
¿Qué es una relación jurídica simple?,Aquella con un solo derecho y un solo deber correlativo.,DERECHO_CIVIL_1,RELACION_JURIDICA_Y_DERECHOS_SUBJETIVOS,RELACION_JURIDICA,CIVIL,BASICO
¿Qué es una relación jurídica compleja?,Aquella con un conjunto de derechos y deberes recíprocos.,DERECHO_CIVIL_1,RELACION_JURIDICA_Y_DERECHOS_SUBJETIVOS,RELACION_JURIDICA,CIVIL,BASICO
¿Qué son las relaciones de estado?,Se refieren a la posición de la persona en la sociedad y familia (ej. padre-hijo).,DERECHO_CIVIL_1,RELACION_JURIDICA_Y_DERECHOS_SUBJETIVOS,RELACION_JURIDICA,CIVIL,BASICO
Explique la estructura de la relación jurídica.,"Se compone de: Sujetos (activo/pasivo), Objeto (interés) y Vínculo (nexo normativo).",DERECHO_CIVIL_1,RELACION_JURIDICA_Y_DERECHOS_SUBJETIVOS,RELACION_JURIDICA,CIVIL,INTERMEDIO
Distinga entre relación jurídica simple y compleja.,Simple tiene un único nexo; compleja implica reciprocidad de múltiples nexos.,DERECHO_CIVIL_1,RELACION_JURIDICA_Y_DERECHOS_SUBJETIVOS,RELACION_JURIDICA,CIVIL,INTERMEDIO
¿Qué roles asumen los sujetos en un contrato bilateral?,Cada parte es simultáneamente sujeto activo y pasivo de distintas prestaciones.,DERECHO_CIVIL_1,RELACION_JURIDICA_Y_DERECHOS_SUBJETIVOS,RELACION_JURIDICA,CIVIL,INTERMEDIO
Diferencie entre relaciones de estado y de tráfico.,Estado: calidad permanente/familiar; Tráfico: intercambios patrimoniales transitorios.,DERECHO_CIVIL_1,RELACION_JURIDICA_Y_DERECHOS_SUBJETIVOS,RELACION_JURIDICA,CIVIL,INTERMEDIO
¿Cuál es la función del derecho objetivo en la relación jurídica?,Actúa como regla que determina el nacimiento y límites de facultades y deberes.,DERECHO_CIVIL_1,RELACION_JURIDICA_Y_DERECHOS_SUBJETIVOS,RELACION_JURIDICA,CIVIL,INTERMEDIO
¿En qué se diferencia el deber jurídico de la obligación?,"Obligación es especie de deber, con contenido patrimonial y sujetos determinados.",DERECHO_CIVIL_1,RELACION_JURIDICA_Y_DERECHOS_SUBJETIVOS,RELACION_JURIDICA,CIVIL,INTERMEDIO
¿Qué es el interés en la relación jurídica?,Es el móvil que justifica la protección del derecho y la imposición del deber.,DERECHO_CIVIL_1,RELACION_JURIDICA_Y_DERECHOS_SUBJETIVOS,RELACION_JURIDICA,CIVIL,INTERMEDIO
Diferencia entre relación jurídica y relación social.,La jurídica está tipificada por la ley; la social por la moral o trato.,DERECHO_CIVIL_1,RELACION_JURIDICA_Y_DERECHOS_SUBJETIVOS,RELACION_JURIDICA,CIVIL,INTERMEDIO
¿Qué es el efecto expansivo de la relación jurídica?,Deber de terceros de reconocer y respetar la existencia de un vínculo ajeno.,DERECHO_CIVIL_1,RELACION_JURIDICA_Y_DERECHOS_SUBJETIVOS,RELACION_JURIDICA,CIVIL,INTERMEDIO
¿Cómo critica Kelsen la distinción objetivo/subjetivo?,Afirma que el derecho subjetivo es solo el objetivo a disposición de un sujeto.,DERECHO_CIVIL_1,RELACION_JURIDICA_Y_DERECHOS_SUBJETIVOS,RELACION_JURIDICA,CIVIL,AVANZADO
Relación entre autonomía privada y la relación jurídica.,La voluntad es la fuente principal para crear el contenido de relaciones de tráfico.,DERECHO_CIVIL_1,RELACION_JURIDICA_Y_DERECHOS_SUBJETIVOS,RELACION_JURIDICA,CIVIL,AVANZADO
¿Cómo opera la relación jurídica en derechos de la personalidad?,"Sujeto activo titular, pasivo la colectividad obligada al respeto (erga omnes).",DERECHO_CIVIL_1,RELACION_JURIDICA_Y_DERECHOS_SUBJETIVOS,RELACION_JURIDICA,CIVIL,AVANZADO
Análisis de la relación jurídica en la teoría de actos propios.,Impide alterar relaciones consolidadas mediante conductas contradictorias previas.,DERECHO_CIVIL_1,RELACION_JURIDICA_Y_DERECHOS_SUBJETIVOS,RELACION_JURIDICA,CIVIL,AVANZADO
Análisis de la desaparición del vínculo en la extinción.,"Ocurre cuando el interés se satisface o el objeto desaparece, rompiendo el nexo.",DERECHO_CIVIL_1,RELACION_JURIDICA_Y_DERECHOS_SUBJETIVOS,RELACION_JURIDICA,CIVIL,AVANZADO
Crítica de Duguit al concepto de relación jurídica.,"La niega, prefiriendo el concepto de función social y solidaridad.",DERECHO_CIVIL_1,RELACION_JURIDICA_Y_DERECHOS_SUBJETIVOS,RELACION_JURIDICA,CIVIL,AVANZADO
¿Qué es la relación jurídica según Vodanovic? (Variante 1),La relación entre dos o más sujetos regulada por el derecho objetivo.,DERECHO_CIVIL_1,RELACION_JURIDICA_Y_DERECHOS_SUBJETIVOS,RELACION_JURIDICA,CIVIL,BASICO
¿Cuál es la definición simple de Ducci para relación jurídica? (Variante 1),Una relación de la vida ordenada por el derecho.,DERECHO_CIVIL_1,RELACION_JURIDICA_Y_DERECHOS_SUBJETIVOS,RELACION_JURIDICA,CIVIL,BASICO
¿Qué es el sujeto activo en la relación jurídica? (Variante 1),Titular del poder o facultad (derecho subjetivo) para exigir una conducta.,DERECHO_CIVIL_1,RELACION_JURIDICA_Y_DERECHOS_SUBJETIVOS,RELACION_JURIDICA,CIVIL,BASICO
¿Qué es el sujeto pasivo en la relación jurídica? (Variante 1),"Titular del deber jurídico, obligado a satisfacer el interés del titular del poder.",DERECHO_CIVIL_1,RELACION_JURIDICA_Y_DERECHOS_SUBJETIVOS,RELACION_JURIDICA,CIVIL,BASICO
¿Qué es el objeto de la relación jurídica? (Variante 1),La entidad (bien o acto) sobre la cual recae el interés de los sujetos.,DERECHO_CIVIL_1,RELACION_JURIDICA_Y_DERECHOS_SUBJETIVOS,RELACION_JURIDICA,CIVIL,BASICO
¿Qué es el vínculo jurídico? (Variante 1),Nexo normativo que une a los sujetos y les atribuye poder y deber.,DERECHO_CIVIL_1,RELACION_JURIDICA_Y_DERECHOS_SUBJETIVOS,RELACION_JURIDICA,CIVIL,BASICO
¿Cómo define Figueroa la relación jurídica? (Variante 1),Relación social relevante para el Derecho a la cual se le imponen consecuencias.,DERECHO_CIVIL_1,RELACION_JURIDICA_Y_DERECHOS_SUBJETIVOS,RELACION_JURIDICA,CIVIL,BASICO
¿Qué es una relación jurídica simple? (Variante 1),Aquella con un solo derecho y un solo deber correlativo.,DERECHO_CIVIL_1,RELACION_JURIDICA_Y_DERECHOS_SUBJETIVOS,RELACION_JURIDICA,CIVIL,BASICO
¿Qué es una relación jurídica compleja? (Variante 1),Aquella con un conjunto de derechos y deberes recíprocos.,DERECHO_CIVIL_1,RELACION_JURIDICA_Y_DERECHOS_SUBJETIVOS,RELACION_JURIDICA,CIVIL,BASICO
¿Qué son las relaciones de estado? (Variante 1),Se refieren a la posición de la persona en la sociedad y familia (ej. padre-hijo).,DERECHO_CIVIL_1,RELACION_JURIDICA_Y_DERECHOS_SUBJETIVOS,RELACION_JURIDICA,CIVIL,BASICO
Explique la estructura de la relación jurídica. (Variante 1),"Se compone de: Sujetos (activo/pasivo), Objeto (interés) y Vínculo (nexo normativo).",DERECHO_CIVIL_1,RELACION_JURIDICA_Y_DERECHOS_SUBJETIVOS,RELACION_JURIDICA,CIVIL,INTERMEDIO
Distinga entre relación jurídica simple y compleja. (Variante 1),Simple tiene un único nexo; compleja implica reciprocidad de múltiples nexos.,DERECHO_CIVIL_1,RELACION_JURIDICA_Y_DERECHOS_SUBJETIVOS,RELACION_JURIDICA,CIVIL,INTERMEDIO
¿Qué roles asumen los sujetos en un contrato bilateral? (Variante 1),Cada parte es simultáneamente sujeto activo y pasivo de distintas prestaciones.,DERECHO_CIVIL_1,RELACION_JURIDICA_Y_DERECHOS_SUBJETIVOS,RELACION_JURIDICA,CIVIL,INTERMEDIO
Diferencie entre relaciones de estado y de tráfico. (Variante 1),Estado: calidad permanente/familiar; Tráfico: intercambios patrimoniales transitorios.,DERECHO_CIVIL_1,RELACION_JURIDICA_Y_DERECHOS_SUBJETIVOS,RELACION_JURIDICA,CIVIL,INTERMEDIO
¿Cuál es la función del derecho objetivo en la relación jurídica? (Variante 1),Actúa como regla que determina el nacimiento y límites de facultades y deberes.,DERECHO_CIVIL_1,RELACION_JURIDICA_Y_DERECHOS_SUBJETIVOS,RELACION_JURIDICA,CIVIL,INTERMEDIO
¿En qué se diferencia el deber jurídico de la obligación? (Variante 1),"Obligación es especie de deber, con contenido patrimonial y sujetos determinados.",DERECHO_CIVIL_1,RELACION_JURIDICA_Y_DERECHOS_SUBJETIVOS,RELACION_JURIDICA,CIVIL,INTERMEDIO
¿Qué es el interés en la relación jurídica? (Variante 1),Es el móvil que justifica la protección del derecho y la imposición del deber.,DERECHO_CIVIL_1,RELACION_JURIDICA_Y_DERECHOS_SUBJETIVOS,RELACION_JURIDICA,CIVIL,INTERMEDIO
Diferencia entre relación jurídica y relación social. (Variante 1),La jurídica está tipificada por la ley; la social por la moral o trato.,DERECHO_CIVIL_1,RELACION_JURIDICA_Y_DERECHOS_SUBJETIVOS,RELACION_JURIDICA,CIVIL,INTERMEDIO
¿Qué es el efecto expansivo de la relación jurídica? (Variante 1),Deber de terceros de reconocer y respetar la existencia de un vínculo ajeno.,DERECHO_CIVIL_1,RELACION_JURIDICA_Y_DERECHOS_SUBJETIVOS,RELACION_JURIDICA,CIVIL,INTERMEDIO
¿Cómo critica Kelsen la distinción objetivo/subjetivo? (Variante 1),Afirma que el derecho subjetivo es solo el objetivo a disposición de un sujeto.,DERECHO_CIVIL_1,RELACION_JURIDICA_Y_DERECHOS_SUBJETIVOS,RELACION_JURIDICA,CIVIL,AVANZADO
Relación entre autonomía privada y la relación jurídica. (Variante 1),La voluntad es la fuente principal para crear el contenido de relaciones de tráfico.,DERECHO_CIVIL_1,RELACION_JURIDICA_Y_DERECHOS_SUBJETIVOS,RELACION_JURIDICA,CIVIL,AVANZADO
¿Cómo opera la relación jurídica en derechos de la personalidad? (Variante 1),"Sujeto activo titular, pasivo la colectividad obligada al respeto (erga omnes).",DERECHO_CIVIL_1,RELACION_JURIDICA_Y_DERECHOS_SUBJETIVOS,RELACION_JURIDICA,CIVIL,AVANZADO
Análisis de la relación jurídica en la teoría de actos propios. (Variante 1),Impide alterar relaciones consolidadas mediante conductas contradictorias previas.,DERECHO_CIVIL_1,RELACION_JURIDICA_Y_DERECHOS_SUBJETIVOS,RELACION_JURIDICA,CIVIL,AVANZADO
Análisis de la desaparición del vínculo en la extinción. (Variante 1),"Ocurre cuando el interés se satisface o el objeto desaparece, rompiendo el nexo.",DERECHO_CIVIL_1,RELACION_JURIDICA_Y_DERECHOS_SUBJETIVOS,RELACION_JURIDICA,CIVIL,AVANZADO
Crítica de Duguit al concepto de relación jurídica. (Variante 1),"La niega, prefiriendo el concepto de función social y solidaridad.",DERECHO_CIVIL_1,RELACION_JURIDICA_Y_DERECHOS_SUBJETIVOS,RELACION_JURIDICA,CIVIL,AVANZADO
¿Qué es el nacimiento de un derecho?,Unión de facultad a un sujeto por cumplirse presupuestos legales.,DERECHO_CIVIL_1,RELACION_JURIDICA_Y_DERECHOS_SUBJETIVOS,DINAMICA_DERECHOS,CIVIL,BASICO
¿Qué es la adquisición originaria?,Se produce sin derivar de titular anterior (ej. ocupación).,DERECHO_CIVIL_1,RELACION_JURIDICA_Y_DERECHOS_SUBJETIVOS,DINAMICA_DERECHOS,CIVIL,BASICO
¿Qué es la adquisición derivativa?,Derecho se traspasa de un titular a otro (ej. compraventa).,DERECHO_CIVIL_1,RELACION_JURIDICA_Y_DERECHOS_SUBJETIVOS,DINAMICA_DERECHOS,CIVIL,BASICO
¿Qué es la modificación de un derecho?,Cambios en sujetos u objeto sin llegar a extinguirse.,DERECHO_CIVIL_1,RELACION_JURIDICA_Y_DERECHOS_SUBJETIVOS,DINAMICA_DERECHOS,CIVIL,BASICO
¿Qué es la extinción de un derecho?,Desaparición absoluta del derecho del mundo jurídico.,DERECHO_CIVIL_1,RELACION_JURIDICA_Y_DERECHOS_SUBJETIVOS,DINAMICA_DERECHOS,CIVIL,BASICO
¿Qué es la pérdida de un derecho?,"Separación del derecho de su titular, subsistiendo en otro.",DERECHO_CIVIL_1,RELACION_JURIDICA_Y_DERECHOS_SUBJETIVOS,DINAMICA_DERECHOS,CIVIL,BASICO
¿Qué es la tradición?,Modo derivativo: entrega con intención de transferir dominio.,DERECHO_CIVIL_1,RELACION_JURIDICA_Y_DERECHOS_SUBJETIVOS,DINAMICA_DERECHOS,CIVIL,BASICO
¿Qué es la prescripción adquisitiva?,Modo originario por poseer durante tiempo legal.,DERECHO_CIVIL_1,RELACION_JURIDICA_Y_DERECHOS_SUBJETIVOS,DINAMICA_DERECHOS,CIVIL,BASICO
Nacimiento vs Adquisición.,Nacimiento es creación ex novo; Adquisición incorporación al patrimonio.,DERECHO_CIVIL_1,RELACION_JURIDICA_Y_DERECHOS_SUBJETIVOS,DINAMICA_DERECHOS,CIVIL,INTERMEDIO
Originaria vs Derivativa.,Originaria nace limpio; Derivativa recibe cargas y vicios.,DERECHO_CIVIL_1,RELACION_JURIDICA_Y_DERECHOS_SUBJETIVOS,DINAMICA_DERECHOS,CIVIL,INTERMEDIO
Modificación subjetiva vs objetiva.,Subjetiva: cambio titular; Objetiva: cambio prestación/objeto.,DERECHO_CIVIL_1,RELACION_JURIDICA_Y_DERECHOS_SUBJETIVOS,DINAMICA_DERECHOS,CIVIL,INTERMEDIO
Extinción vs Pérdida.,Extinción es fin absoluto; Pérdida es cambio de titular.,DERECHO_CIVIL_1,RELACION_JURIDICA_Y_DERECHOS_SUBJETIVOS,DINAMICA_DERECHOS,CIVIL,INTERMEDIO
Regla 'nemo plus iuris'.,Nadie transfiere más derechos de los que tiene.,DERECHO_CIVIL_1,RELACION_JURIDICA_Y_DERECHOS_SUBJETIVOS,DINAMICA_DERECHOS,CIVIL,INTERMEDIO
Ley como fuente directa.,Derecho nace por solo ministerio de la ley (ej. usufructo legal).,DERECHO_CIVIL_1,RELACION_JURIDICA_Y_DERECHOS_SUBJETIVOS,DINAMICA_DERECHOS,CIVIL,INTERMEDIO
Subrogación real vs personal.,Real: cosa por cosa; Personal: persona por persona en vínculo.,DERECHO_CIVIL_1,RELACION_JURIDICA_Y_DERECHOS_SUBJETIVOS,DINAMICA_DERECHOS,CIVIL,INTERMEDIO
Error en el título en adquisición derivativa.,"Si título es nulo, no hay adquisición (falta causa, Art. 675).",DERECHO_CIVIL_1,RELACION_JURIDICA_Y_DERECHOS_SUBJETIVOS,DINAMICA_DERECHOS,CIVIL,AVANZADO
Teoría de apariencia en adquisición.,Adquisición de no dueño bajo error común y buena fe.,DERECHO_CIVIL_1,RELACION_JURIDICA_Y_DERECHOS_SUBJETIVOS,DINAMICA_DERECHOS,CIVIL,AVANZADO
Título y modo en derecho chileno.,Requiere causa (contrato) y mecanismo ejecución (tradición).,DERECHO_CIVIL_1,RELACION_JURIDICA_Y_DERECHOS_SUBJETIVOS,DINAMICA_DERECHOS,CIVIL,AVANZADO
Resolución del derecho del constituyente.,Extinción dominio original extingue derechos reales limitados.,DERECHO_CIVIL_1,RELACION_JURIDICA_Y_DERECHOS_SUBJETIVOS,DINAMICA_DERECHOS,CIVIL,AVANZADO
Renuncia y orden público económico.,Prohibición de renunciar derechos irrenunciables (ej. laborales).,DERECHO_CIVIL_1,RELACION_JURIDICA_Y_DERECHOS_SUBJETIVOS,DINAMICA_DERECHOS,CIVIL,AVANZADO
¿Qué es el nacimiento de un derecho? (Variante 1),Unión de facultad a un sujeto por cumplirse presupuestos legales.,DERECHO_CIVIL_1,RELACION_JURIDICA_Y_DERECHOS_SUBJETIVOS,DINAMICA_DERECHOS,CIVIL,BASICO
¿Qué es la adquisición originaria? (Variante 1),Se produce sin derivar de titular anterior (ej. ocupación).,DERECHO_CIVIL_1,RELACION_JURIDICA_Y_DERECHOS_SUBJETIVOS,DINAMICA_DERECHOS,CIVIL,BASICO
¿Qué es la adquisición derivativa? (Variante 1),Derecho se traspasa de un titular a otro (ej. compraventa).,DERECHO_CIVIL_1,RELACION_JURIDICA_Y_DERECHOS_SUBJETIVOS,DINAMICA_DERECHOS,CIVIL,BASICO
¿Qué es la modificación de un derecho? (Variante 1),Cambios en sujetos u objeto sin llegar a extinguirse.,DERECHO_CIVIL_1,RELACION_JURIDICA_Y_DERECHOS_SUBJETIVOS,DINAMICA_DERECHOS,CIVIL,BASICO
¿Qué es la extinción de un derecho? (Variante 1),Desaparición absoluta del derecho del mundo jurídico.,DERECHO_CIVIL_1,RELACION_JURIDICA_Y_DERECHOS_SUBJETIVOS,DINAMICA_DERECHOS,CIVIL,BASICO
¿Qué es la pérdida de un derecho? (Variante 1),"Separación del derecho de su titular, subsistiendo en otro.",DERECHO_CIVIL_1,RELACION_JURIDICA_Y_DERECHOS_SUBJETIVOS,DINAMICA_DERECHOS,CIVIL,BASICO
¿Qué es la tradición? (Variante 1),Modo derivativo: entrega con intención de transferir dominio.,DERECHO_CIVIL_1,RELACION_JURIDICA_Y_DERECHOS_SUBJETIVOS,DINAMICA_DERECHOS,CIVIL,BASICO
¿Qué es la prescripción adquisitiva? (Variante 1),Modo originario por poseer durante tiempo legal.,DERECHO_CIVIL_1,RELACION_JURIDICA_Y_DERECHOS_SUBJETIVOS,DINAMICA_DERECHOS,CIVIL,BASICO
Nacimiento vs Adquisición. (Variante 1),Nacimiento es creación ex novo; Adquisición incorporación al patrimonio.,DERECHO_CIVIL_1,RELACION_JURIDICA_Y_DERECHOS_SUBJETIVOS,DINAMICA_DERECHOS,CIVIL,INTERMEDIO
Originaria vs Derivativa. (Variante 1),Originaria nace limpio; Derivativa recibe cargas y vicios.,DERECHO_CIVIL_1,RELACION_JURIDICA_Y_DERECHOS_SUBJETIVOS,DINAMICA_DERECHOS,CIVIL,INTERMEDIO
Modificación subjetiva vs objetiva. (Variante 1),Subjetiva: cambio titular; Objetiva: cambio prestación/objeto.,DERECHO_CIVIL_1,RELACION_JURIDICA_Y_DERECHOS_SUBJETIVOS,DINAMICA_DERECHOS,CIVIL,INTERMEDIO
Extinción vs Pérdida. (Variante 1),Extinción es fin absoluto; Pérdida es cambio de titular.,DERECHO_CIVIL_1,RELACION_JURIDICA_Y_DERECHOS_SUBJETIVOS,DINAMICA_DERECHOS,CIVIL,INTERMEDIO
Regla 'nemo plus iuris'. (Variante 1),Nadie transfiere más derechos de los que tiene.,DERECHO_CIVIL_1,RELACION_JURIDICA_Y_DERECHOS_SUBJETIVOS,DINAMICA_DERECHOS,CIVIL,INTERMEDIO
Ley como fuente directa. (Variante 1),Derecho nace por solo ministerio de la ley (ej. usufructo legal).,DERECHO_CIVIL_1,RELACION_JURIDICA_Y_DERECHOS_SUBJETIVOS,DINAMICA_DERECHOS,CIVIL,INTERMEDIO
Subrogación real vs personal. (Variante 1),Real: cosa por cosa; Personal: persona por persona en vínculo.,DERECHO_CIVIL_1,RELACION_JURIDICA_Y_DERECHOS_SUBJETIVOS,DINAMICA_DERECHOS,CIVIL,INTERMEDIO
Error en el título en adquisición derivativa. (Variante 1),"Si título es nulo, no hay adquisición (falta causa, Art. 675).",DERECHO_CIVIL_1,RELACION_JURIDICA_Y_DERECHOS_SUBJETIVOS,DINAMICA_DERECHOS,CIVIL,AVANZADO
Teoría de apariencia en adquisición. (Variante 1),Adquisición de no dueño bajo error común y buena fe.,DERECHO_CIVIL_1,RELACION_JURIDICA_Y_DERECHOS_SUBJETIVOS,DINAMICA_DERECHOS,CIVIL,AVANZADO
Título y modo en derecho chileno. (Variante 1),Requiere causa (contrato) y mecanismo ejecución (tradición).,DERECHO_CIVIL_1,RELACION_JURIDICA_Y_DERECHOS_SUBJETIVOS,DINAMICA_DERECHOS,CIVIL,AVANZADO
Resolución del derecho del constituyente. (Variante 1),Extinción dominio original extingue derechos reales limitados.,DERECHO_CIVIL_1,RELACION_JURIDICA_Y_DERECHOS_SUBJETIVOS,DINAMICA_DERECHOS,CIVIL,AVANZADO
Renuncia y orden público económico. (Variante 1),Prohibición de renunciar derechos irrenunciables (ej. laborales).,DERECHO_CIVIL_1,RELACION_JURIDICA_Y_DERECHOS_SUBJETIVOS,DINAMICA_DERECHOS,CIVIL,AVANZADO
