model,source_id,source_rama,source_titulo,target_rama,target_libro,target_titulo,target_parrafo,r8_hits,r8_matched,parrafo_rule,parrafo_note,confidence,excerpt
flashcard,cmnnwxtuf04l2540z19i6yhe6,DERECHO_PROCESAL_CIVIL,CPC_LI_T12,DERECHO_ORGANICO,LIBRO_COT,COT_T5,,1,cortes de apelaciones,P5,[PROMOTED low→medium · R8 keyword match débil pero target_titulo válido] 2 matches ambiguo,medium,¿Qué es la integración y cuándo opera? Es el mecanismo para completar el QUÓRUM de un tribunal COLEGIADO (Cortes de Apel
flashcard,cmnnwxl7t04gl540znrhfjkv4,DERECHO_PROCESAL_CIVIL,CPC_LI_T12,DERECHO_ORGANICO,LIBRO_COT,COT_T6,COT_T6_P2,1,corte suprema,P4,[PROMOTED low→medium · R8 keyword match débil pero target_titulo válido] keyword único,medium,[INTEGRADOR] ¿Qué prepara el Tema 5 para los Temas 6-12? Los Temas 1-5 son el MARCO CONCEPTUAL: bases + jurisdicción + c
flashcard,cmnnwzjfx05i4540z81bx6z8q,DERECHO_PROCESAL_CIVIL,CPC_LI_T12,DERECHO_ORGANICO,LIBRO_COT,COT_T5,,1,corte de apelaciones,P5,[PROMOTED low→medium · R8 keyword match débil pero target_titulo válido] 2 matches ambiguo,medium,"Cuando un caso transita de primera instancia a segunda instancia y eventualmente a casación, ¿qué reglas del COT operan "
flashcard,cmnnwxu7d04l9540zolloq16g,DERECHO_PROCESAL_CIVIL,CPC_LI_T12,DERECHO_ORGANICO,LIBRO_COT,COT_T8,,1,subrogación,P1,[PROMOTED low→medium · R8 keyword match débil pero target_titulo válido] titulo sin parrafos,medium,¿Qué es la inhabilitación por implicancia o recusación en el contexto de subrogación/integración? Cuando un juez o minis
flashcard,cmnnwyp4b051t540zm628a6x7,DERECHO_ORGANICO,COT_T11,DERECHO_CIVIL,LIBRO_IV,LIV_T23,,1,compraventa,P5,[PROMOTED low→medium · R8 keyword match débil pero target_titulo válido] 6 matches ambiguo,medium,"[CASO] En una compraventa de inmueble completa, ¿qué auxiliares intervienen? CADENA COMPLETA: 1) NOTARIO: otorga escritu"
flashcard,cmnnwsqxl01w4540zpsf6xy1z,DERECHO_PROCESAL_CIVIL,CPC_LI_T2,DERECHO_CIVIL,LIBRO_IV,LIV_T2,LIV_T2_P2,1,capacidad de ejercicio,P4,[PROMOTED low→medium · R8 keyword match débil pero target_titulo válido] keyword único,medium,¿Cuáles son los 3 niveles de capacidad necesarios para actuar válidamente en un juicio civil? Son tres niveles acumulati
flashcard,cmnnwvuim03j4540z0ceqsbtz,DERECHO_PROCESAL_CIVIL,CPC_LIV_T3,DERECHO_CIVIL,LIBRO_I,LI_T2,,1,muerte presunta,P5,[PROMOTED low→medium · R8 keyword match débil pero target_titulo válido] 4 matches ambiguo,medium,[CONEXIÓN] ¿Cómo se conectan la muerte presunta y la posesión efectiva con los Bloques anteriores? 1) SUCESIONES (Bloque
flashcard,cmnnwwqla0404540zb2dwppnq,DERECHO_ORGANICO,COT_T7,DERECHO_CIVIL,LIBRO_I,LI_T7,,1,filiación,P5,[PROMOTED low→medium · R8 keyword match débil pero target_titulo válido] 2 matches ambiguo,medium,¿Cómo se determina la cuantía en asuntos SIN valor determinado? Los asuntos NO SUSCEPTIBLES de apreciación pecuniaria se
flashcard,cmnnww1gt03mp540zbu4bdtts,DERECHO_PROCESAL_CIVIL,CPC_LIV_T3,DERECHO_CIVIL,LIBRO_I,LI_T2,,1,muerte presunta,P5,[PROMOTED low→medium · R8 keyword match débil pero target_titulo válido] 2 matches ambiguo,medium,¿Qué actos no contenciosos son la 'antesala' directa de procedimientos contenciosos? 1) MUERTE PRESUNTA → abre SUCESIÓN 
flashcard,cmnnwycq704v7540zd8gerw27,DERECHO_ORGANICO,COT_T9,DERECHO_PROCESAL_CIVIL,,,,0,,—,—,null,¿Cómo tramita el ÁRBITRO DE DERECHO? Tramita según las reglas del CPC: procedimiento ORDINARIO o el que corresponda segú
flashcard,cmn16pn2900t7fp0zer1civ7g,DERECHO_CIVIL,LII_T14,DERECHO_PROCESAL_CIVIL,,,,0,,—,—,null,"¿Qué es la interrupción civil de la prescripción según el art. 2503 CC? La que se produce por toda demanda judicial, sal"
flashcard,cmnnwxtoa04kz540zy703gl9m,DERECHO_PROCESAL_CIVIL,CPC_LI_T12,DERECHO_ORGANICO,LIBRO_COT,COT_T4,,1,tribunal unipersonal,P1,[PROMOTED low→medium · R8 keyword match débil pero target_titulo válido] titulo sin parrafos,medium,¿Qué es la subrogación y cuándo opera? Es el reemplazo AUTOMÁTICO del juez de un tribunal unipersonal cuando este no pue
flashcard,cmnnwvrwg03ho540zm5ytly41,DERECHO_PROCESAL_CIVIL,CPC_LIV_T3,DERECHO_CIVIL,LIBRO_I,LI_T1,LI_T1_P2,1,cambio de nombre,P4,[PROMOTED low→medium · R8 keyword match débil pero target_titulo válido] keyword único,medium,¿Quién es 'legítimo contradictor'? Es quien tiene un INTERÉS JURÍDICO legítimo en oponerse a lo solicitado. No cualquier
flashcard,cmn3wkbx301y9310z7uy0fsw9,DERECHO_PROCESAL_CIVIL,CPC_LI_T11,DERECHO_ORGANICO,,,,0,,—,—,null,"En examen oral, si preguntan: '¿cómo determina la competencia de un tribunal civil?', ¿qué debe cubrir? 1) Competencia A"
flashcard,cmno442d800cxos0zkbqd69zi,DERECHO_PROCESAL_CIVIL,CPC_LIII_T3,DERECHO_CIVIL,,,,0,,—,—,null,¿Cuáles son los requisitos para que proceda el derecho legal de retención? (1) Que la ley lo conceda expresamente (arren
flashcard,cmnnwzfar05fx540zgklwxstu,DERECHO_PROCESAL_CIVIL,CPC_LI_T12,DERECHO_ORGANICO,LIBRO_COT,COT_T8,,1,subrogación,P1,[PROMOTED low→medium · R8 keyword match débil pero target_titulo válido] titulo sin parrafos,medium,¿Cómo condiciona la implicancia del juez (COT) el desarrollo del juicio ordinario (CPC)? Si el juez incurre en causal de
flashcard,cmnnwzhoj05h7540z1ftmw9qj,DERECHO_PROCESAL_CIVIL,CPC_LII_T5,DERECHO_CIVIL,LIBRO_II,LII_T8,,1,fideicomiso,P1,[PROMOTED low→medium · R8 keyword match débil pero target_titulo válido] titulo sin parrafos,medium,¿Cómo se relacionan las medidas conservativas del CC con las medidas precautorias del CPC y la competencia del COT? El C
flashcard,cmn3whp2x00jx310zlbc6n1mo,DERECHO_CIVIL,LI_T2,DERECHO_PROCESAL_CIVIL,,,,0,,—,—,null,¿El incidente del art. 83 tiene límite temporal absoluto? Art. 83 inc. final: el incidente de nulidad no puede promovers
flashcard,cmnnwyl9z04zu540zq3pn3i8z,DERECHO_ORGANICO,COT_T11,DERECHO_PROCESAL_CIVIL,LIBRO_III_CPC,CPC_LIII_T1,,1,juicio ejecutivo,P5,[PROMOTED low→medium · R8 keyword match débil pero target_titulo válido] 2 matches ambiguo,medium,¿Cómo conectan los receptores con el juicio ejecutivo (Bloque 7)? Los receptores practican el EMBARGO: van al domicilio 
flashcard,cmnnwyz8c0579540zhfz81nzh,DERECHO_ORGANICO,COT_T7,DERECHO_PROCESAL_CIVIL,,,,0,,—,—,null,¿El RECEPTOR inhabilitado genera nulidad de la notificación? SÍ: si el receptor tiene causal de inhabilidad y practica l
flashcard,cmnnwz0v30585540zulech3pu,DERECHO_ORGANICO,COT_T7,DERECHO_PROCESAL_CIVIL,,,,0,,—,—,null,"[INTEGRADOR] ¿Cómo conectan las inhabilidades con el CPC (Bloques 5-8)? 4 conexiones: 1) INCIDENTES (Bloque 5, 27A): se "
flashcard,cmnnwyiuw04yj540z5omzbx7o,DERECHO_ORGANICO,COT_T11,DERECHO_CIVIL,LIBRO_III,LIII_T3,,1,testamento abierto,P5,[PROMOTED low→medium · R8 keyword match débil pero target_titulo válido] 3 matches ambiguo,medium,¿Qué es una ESCRITURA PÚBLICA? Es un instrumento PÚBLICO otorgado ante notario e incorporado en su PROTOCOLO (registro).
flashcard,cmn3wh86m00ba310zl0a6i9v4,DERECHO_PROCESAL_CIVIL,CPC_LII_T6,DERECHO_CIVIL,LIBRO_IV,LIV_T29,LIV_T29_P3,1,mandante,P4,[PROMOTED low→medium · R8 keyword match débil pero target_titulo válido] keyword único,medium,¿Qué diferencia hay entre prescripción como acción y como excepción? Como ACCIÓN: el poseedor DEMANDA para que se declar
flashcard,cmn3wjm7q01kh310zzic52dpy,DERECHO_PROCESAL_CIVIL,CPC_LIII_T19,DERECHO_ORGANICO,LIBRO_COT,COT_T5,,1,corte de apelaciones,P5,[PROMOTED low→medium · R8 keyword match débil pero target_titulo válido] 2 matches ambiguo,medium,¿Cuál es el plazo para interponer recurso de casación en el fondo? Art. 770 CPC: 15 DÍAS hábiles desde la notificación. 
flashcard,cmn3wgxf3005l310zhuv1alqa,DERECHO_CIVIL,LIV_T42,DERECHO_PROCESAL_CIVIL,,,,0,,—,—,null,¿Qué es la interrupción civil de la prescripción adquisitiva? Art. 2503 CC: se interrumpe civilmente por toda DEMANDA JU
flashcard,cmnnwwk8z03wp540zz6xl5q1c,DERECHO_ORGANICO,COT_T1,DERECHO_CIVIL,LIBRO_I,LI_T4,,1,matrimonio,P1,[PROMOTED low→medium · R8 keyword match débil pero target_titulo válido] titulo sin parrafos,medium,¿Los equivalentes jurisdiccionales pueden usarse en todo tipo de conflictos? NO: solo en conflictos sobre derechos DISPO
flashcard,cmnnwyas704u5540zzdvwdtc0,DERECHO_ORGANICO,COT_T9,DERECHO_CIVIL,LIBRO_I,LI_T4,,1,matrimonio,P1,[PROMOTED low→medium · R8 keyword match débil pero target_titulo válido] titulo sin parrafos,medium,¿Cuáles son las principales materias de arbitraje PROHIBIDO? Materias que NUNCA van a arbitraje: 1) Causas PENALES (el i
flashcard,cmnnwxnt904hu540zv5lop2w9,DERECHO_PROCESAL_CIVIL,CPC_LIII_T16,DERECHO_ORGANICO,,,,0,,—,—,null,[CONEXIÓN] ¿Los juzgados de letras son los tribunales del CPC? SÍ: prácticamente todo el CPC estudiado (Bloques 5-8) se 
flashcard,cmnnwyj3y04yo540ztyp6roc7,DERECHO_PROCESAL_CIVIL,CPC_LIV_T3,DERECHO_ORGANICO,LIBRO_COT,COT_T5,,1,cortes de apelaciones,P5,[PROMOTED low→medium · R8 keyword match débil pero target_titulo válido] 2 matches ambiguo,medium,¿Los notarios son jueces? NO son jueces: son AUXILIARES. No juzgan controversias ni dictan sentencias. Son ministros de 
flashcard,cmn3wh2nb008d310zotirkpy7,DERECHO_CIVIL,LIV_T42,DERECHO_PROCESAL_CIVIL,,,,0,,—,—,null,¿Qué es la interrupción civil de la prescripción extintiva? Se produce por demanda judicial del acreedor (art. 2518 CC).
flashcard,cmnnwzf0p05fs540z5qlrnsuz,DERECHO_PROCESAL_CIVIL,CPC_LIII_T14,DERECHO_ORGANICO,,,,0,,—,—,null,¿Cómo condiciona la competencia absoluta del COT el procedimiento aplicable según el CPC? La competencia absoluta determ
flashcard,cmnnxdwd800oxr30z0uzue5jv,DERECHO_CIVIL,LIV_T32,DERECHO_PROCESAL_CIVIL,LIBRO_II_CPC,CPC_LII_T5,,1,medida precautoria,P1,[PROMOTED low→medium · R8 keyword match débil pero target_titulo válido] titulo sin parrafos,medium,¿El depósito puede recaer sobre inmuebles? El depósito propiamente dicho: solo cosas corporales MUEBLES (art. 2215). El 
flashcard,cmnnwyj2604yn540zkn23sn5q,DERECHO_ORGANICO,COT_T11,DERECHO_CIVIL,LIBRO_IV,LIV_T20,,1,nulidad absoluta,P1,[PROMOTED low→medium · R8 keyword match débil pero target_titulo válido] titulo sin parrafos,medium,¿Por qué la compraventa de inmueble requiere escritura pública? Porque el Código Civil exige SOLEMNIDAD para ciertos act
flashcard,cmnnwwmhr03xw540ztk9brs5y,DERECHO_ORGANICO,COT_T1,DERECHO_PROCESAL_CIVIL,LIBRO_III_CPC,CPC_LIII_T16,,1,juicio de hacienda,P1,[PROMOTED low→medium · R8 keyword match débil pero target_titulo válido] titulo sin parrafos,medium,[CONEXIÓN] ¿Cómo se conectan la inmunidad y los conflictos con el CPC? 1) EXEQUÁTUR → la sentencia extranjera necesita a
flashcard,cmnnwwoac03yv540zslb1sso6,DERECHO_ORGANICO,COT_T1,DERECHO_CIVIL,LIBRO_IV,LIV_T2,,1,art. 1445,P5,[PROMOTED low→medium · R8 keyword match débil pero target_titulo válido] 3 matches ambiguo,medium,[INTEGRADOR] ¿Cómo se conecta la jurisdicción con el Código Civil? 1) TRANSACCIÓN (art. 2446 CC) → equivalente jurisdicc
flashcard,cmnnwyqws052s540zvcgnthsb,DERECHO_ORGANICO,COT_T11,DERECHO_PROCESAL_CIVIL,,,,0,,—,—,null,"[INTEGRADOR] Resume los 8 auxiliares en un cuadro maestro: FUERA DEL TRIBUNAL: 1) NOTARIO: fe pública, escrituras, proto"
flashcard,cmn1734f600a2p50zq7rc273s,DERECHO_PROCESAL_CIVIL,CPC_LIV_T1,DERECHO_CIVIL,LIBRO_I,LI_T4,,1,ley 19.947,P1,[PROMOTED low→medium · R8 keyword match débil pero target_titulo válido] titulo sin parrafos,medium,¿Qué es la autorización para gravar o enajenar bienes de la mujer casada en sociedad conyugal? Antes era acto no contenc
flashcard,cmnnwzjc705i2540zrlhbeqr0,DERECHO_PROCESAL_CIVIL,CPC_LI_T12,DERECHO_ORGANICO,,,,0,,—,—,null,"En un litigio civil complejo, ¿en qué orden lógico debe un abogado analizar las instituciones del COT antes de presentar"
flashcard,cmnnwzfjw05g2540z8tavbr5f,DERECHO_PROCESAL_CIVIL,CPC_LI_T11,DERECHO_ORGANICO,,,,0,,—,—,null,¿Cómo se conecta la competencia del tribunal con la admisibilidad de la demanda en el CPC? El tribunal debe examinar de 
flashcard,cmnnwwcyv03sw540zauega4b1,DERECHO_PROCESAL_CIVIL,CPC_LII_T12,DERECHO_ORGANICO,LIBRO_COT,COT_T6,COT_T6_P2,1,corte suprema,P4,[PROMOTED low→medium · R8 keyword match débil pero target_titulo válido] keyword único,medium,"[INTEGRADOR] ¿Cuáles bases tienen EXCEPCIONES importantes? 1) TERRITORIALIDAD: excepciones → exhortos, Corte Suprema (na"
flashcard,cmnnwzdgq05ey540z3t6o2ob0,DERECHO_PROCESAL_CIVIL,CPC_LI_T12,DERECHO_ORGANICO,,,,0,,—,—,null,"Elabore un mapa conceptual del COT como sistema integrado. Nivel 1 (fundamento): 12 Bases → legitimidad, operación, equi"
flashcard,cmn3wkc6701ye310zuy37m3cr,DERECHO_CIVIL,LIV_T2,DERECHO_PROCESAL_CIVIL,,,,0,,—,—,null,¿Cómo conecta la nulidad procesal con la nulidad civil en un caso integrado? PROCESAL (art. 83 CPC): vicio en ACTUACIONE
flashcard,cmn1734nw00a7p50zt5micssa,DERECHO_PROCESAL_CIVIL,CPC_LIV_T1,DERECHO_CIVIL,LIBRO_I,LI_T2,,1,muerte presunta,P5,[PROMOTED low→medium · R8 keyword match débil pero target_titulo válido] 2 matches ambiguo,medium,"¿Cuáles son los principales actos no contenciosos del CPC Libro IV? 1) Posesión efectiva (testamentaria), 2) Inventario "
flashcard,cmn3wjx1p01q9310z2frlxk9j,DERECHO_CIVIL,CPC_LIII_T1,DERECHO_CIVIL,LIBRO_IV,LIV_T15,,1,novación,P1,[PROMOTED low→medium · R8 keyword match débil pero target_titulo válido] titulo sin parrafos,medium,"¿Cuáles son las excepciones del juicio ejecutivo (art. 464)? 18 excepciones taxativas: 1) Incompetencia, 2) Falta capaci"
flashcard,cmn3wjwky01q0310zezxyhrwj,DERECHO_PROCESAL_CIVIL,CPC_LIII_T4,DERECHO_CIVIL,LIBRO_II,LII_T7,,1,posesión,P5,[PROMOTED low→medium · R8 keyword match débil pero target_titulo válido] 2 matches ambiguo,medium,¿Cuál es la diferencia entre acción reivindicatoria y acciones posesorias? REIVINDICATORIA: protege el DOMINIO. La ejerc
flashcard,cmn172wqf0075p50zckc5l4gt,DERECHO_PROCESAL_CIVIL,CPC_LIII_T4,DERECHO_CIVIL,LIBRO_II,LII_T7,,1,posesión,P5,[PROMOTED low→medium · R8 keyword match débil pero target_titulo válido] 2 matches ambiguo,medium,¿Cómo se tramitan los interdictos posesorios? Procedimiento sumario especial: demanda → audiencia (5° día) → prueba (8 d
flashcard,cmn3who2a00je310zg8iea9l4,DERECHO_CIVIL,LI_T2,DERECHO_PROCESAL_CIVIL,,,,0,,—,—,null,"¿Cuáles son las vías para alegar nulidad procesal en el CPC? 1) Incidente de nulidad (arts. 83-84 CPC), 2) Recurso de ca"
flashcard,cmno43uaq008xos0zj93z9b8u,DERECHO_PROCESAL_CIVIL,CPC_LI_T19,DERECHO_CIVIL,LIBRO_IV,LIV_T15,,1,novación,P1,[PROMOTED low→medium · R8 keyword match débil pero target_titulo válido] titulo sin parrafos,medium,¿Cuáles son las excepciones que puede oponer el ejecutado en el cumplimiento incidental (art. 234 CPC)? Son taxativas: (
flashcard,cmnnwtndq02dg540zcdzr6084,DERECHO_PROCESAL_CIVIL,CPC_LI_T12,DERECHO_ORGANICO,,,,0,,—,—,null,[GRAN INTEGRADOR] ¿Cuáles son las 3 distinciones que más reprueban en grado? 1) DESISTIMIENTO vs. ABANDONO: desistimient
flashcard,cmnnwyr42052w540z9iw2ahkd,DERECHO_PROCESAL_CIVIL,CPC_LII_T5,DERECHO_CIVIL,LIBRO_IV,LIV_T23,,1,compraventa,P5,[PROMOTED low→medium · R8 keyword match débil pero target_titulo válido] 5 matches ambiguo,medium,[INTEGRADOR] ¿Cuál es la cadena completa de una compraventa de inmueble con sus auxiliares? 7 pasos con 4 auxiliares: 1)
flashcard,cmnnww6ok03pi540zfozf9lid,DERECHO_ORGANICO,COT_T1,DERECHO_PROCESAL_CIVIL,,,,0,,—,—,null,¿Qué consecuencia tiene que un tribunal actúe fuera de su territorio sin autorización legal? La actuación es NULA: carec
flashcard,cmnnwtq6i02es540zohtip4bx,DERECHO_PROCESAL_CIVIL,CPC_LI_T11,DERECHO_CIVIL,,,,0,,—,—,null,[CONEXIÓN] ¿Cómo se conectan las excepciones dilatorias con todo lo estudiado? Son el PUENTE entre Libro I y Libro II: 1
flashcard,cmnnwwk7403wo540zlpk7uqmv,DERECHO_ORGANICO,COT_T1,DERECHO_PROCESAL_CIVIL,LIBRO_III_CPC,CPC_LIII_T1,CPC_LIII_T1_P1,1,juicio ejecutivo,P4,[PROMOTED low→medium · R8 keyword match débil pero target_titulo válido] keyword único,medium,"[CONEXIÓN] ¿Cómo se conectan los equivalentes con el CPC y el CC? 1) CONCILIACIÓN → art. 262 CPC, trámite esencial en or"
flashcard,cmnnwyp2d051s540z061k01ry,DERECHO_ORGANICO,COT_T11,DERECHO_PROCESAL_CIVIL,LIBRO_III_CPC,CPC_LIII_T1,CPC_LIII_T1_P2,1,juicio ejecutivo,P4,[PROMOTED low→medium · R8 keyword match débil pero target_titulo válido] dominante 2 vs 1,medium,"[CASO] En un juicio EJECUTIVO, ¿qué auxiliares son indispensables? 3 auxiliares clave: 1) RECEPTOR: practica el REQUERIM"
flashcard,cmnnwyp64051u540z9qje6s6j,DERECHO_ORGANICO,COT_T11,DERECHO_PROCESAL_CIVIL,,,,0,,—,—,null,[CASO] ¿Qué pasa si el receptor NO notifica válidamente? La notificación es NULA: todo lo actuado después puede ser anul
flashcard,cmnnwwxav043r540zt8dkea9i,DERECHO_ORGANICO,COT_T7,DERECHO_PROCESAL_CIVIL,,,,0,,—,—,null,¿Qué pasa si un juicio avanza entero ante tribunal absolutamente incompetente? TODO lo actuado es NULO: desde la demanda
flashcard,cmnnwwsq2041a540z2u3aagdb,DERECHO_ORGANICO,COT_T7,DERECHO_CIVIL,LIBRO_IV,LIV_T23,,1,compraventa,P5,[PROMOTED low→medium · R8 keyword match débil pero target_titulo válido] 5 matches ambiguo,medium,¿Cómo determina la materia si un asunto es civil o de otra naturaleza? La materia se determina por la NATURALEZA DE LA P
flashcard,cmnnwwt0z041g540z635lccar,DERECHO_ORGANICO,COT_T7,DERECHO_CIVIL,LIBRO_I,LI_T2,,1,muerte presunta,P5,[PROMOTED low→medium · R8 keyword match débil pero target_titulo válido] 2 matches ambiguo,medium,[CONEXIÓN] ¿Cómo se conecta la materia con lo estudiado en los Bloques 5-8? Todo el CPC estudiado corresponde a la mater
flashcard,cmnnwuri102y6540z6bevrp85,DERECHO_PROCESAL_CIVIL,CPC_LI_T19,DERECHO_CIVIL,LIBRO_IV,LIV_T15,,1,novación,P1,[PROMOTED low→medium · R8 keyword match débil pero target_titulo válido] titulo sin parrafos,medium,¿Qué excepciones puede oponer el deudor en el cumplimiento incidental? Son excepciones LIMITADAS (no puede rediscutir el
flashcard,cmn3wkcha01yk310zbh9kk4db,DERECHO_CIVIL,LIV_T42,DERECHO_PROCESAL_CIVIL,,,,0,,—,—,null,¿Cómo integra el abandono del procedimiento con la prescripción? 1) Abandono (art. 152): 6 meses sin gestión útil. Extin
flashcard,cmnnww6do03pc540zelskch9r,DERECHO_PROCESAL_CIVIL,CPC_LI_T20,DERECHO_ORGANICO,LIBRO_COT,COT_T6,COT_T6_P2,1,corte suprema,P4,[PROMOTED low→medium · R8 keyword match débil pero target_titulo válido] keyword único,medium,¿Cuáles son las excepciones al principio de territorialidad? Casos donde un tribunal puede actuar fuera de su territorio
flashcard,cmnnwvq1503gn540zao0wjyyl,DERECHO_PROCESAL_CIVIL,CPC_LIV_T3,DERECHO_CIVIL,LIBRO_I,LI_T2,,1,muerte presunta,P5,[PROMOTED low→medium · R8 keyword match débil pero target_titulo válido] 2 matches ambiguo,medium,¿Los actos no contenciosos son la 'antesala' de juicios contenciosos? SÍ: muchos actos no contenciosos son el PASO PREVI
flashcard,cmnnwvugv03j3540zyij6sn72,DERECHO_PROCESAL_CIVIL,CPC_LIV_T3,DERECHO_CIVIL,LIBRO_II,LII_T7,,1,posesión,P5,[PROMOTED low→medium · R8 keyword match débil pero target_titulo válido] 2 matches ambiguo,medium,¿Qué inscripciones requiere la posesión efectiva? 1) Inscripción de la resolución de posesión efectiva en el REGISTRO DE
flashcard,cmno43pjc006gos0z0zn850ug,DERECHO_ORGANICO,COT_T6,DERECHO_PROCESAL_CIVIL,,,,0,,—,—,null,¿Cuál es la competencia exclusiva de la Corte Suprema? Competencia exclusiva: (1) Recurso de casación en el fondo (art. 
flashcard,cmnnxdw7u00our30z5ag7myq0,DERECHO_CIVIL,LIV_T32,DERECHO_PROCESAL_CIVIL,LIBRO_II_CPC,CPC_LII_T5,,1,medida precautoria,P1,[PROMOTED low→medium · R8 keyword match débil pero target_titulo válido] titulo sin parrafos,medium,"¿Qué es el secuestro según el art. 2249 CC? Depósito de una cosa que se disputan dos o más personas, en manos de un terc"
flashcard,cmnnwyd6j04vg540za5fu3kpt,DERECHO_PROCESAL_CIVIL,CPC_LIII_T8,DERECHO_ORGANICO,LIBRO_COT,COT_T5,,1,corte de apelaciones,P5,[PROMOTED low→medium · R8 keyword match débil pero target_titulo válido] 2 matches ambiguo,medium,[CONEXIÓN] ¿Cómo conecta el procedimiento arbitral con todo lo estudiado? 1) CPC (Bloques 5-8): el árbitro de derecho ap
flashcard,cmnnwykvd04zm540zkt2hrr48,DERECHO_ORGANICO,COT_T11,DERECHO_PROCESAL_CIVIL,,,,0,,—,—,null,¿Cómo conectan los receptores con las notificaciones del CPC? Los receptores practican las notificaciones estudiadas en 
flashcard,cmnnwylbs04zv540zdgkle7sw,DERECHO_PROCESAL_CIVIL,CPC_LII_T5,DERECHO_CIVIL,LIBRO_IV,LIV_T2,LIV_T2_P1,1,acto jurídico,P4,[PROMOTED low→medium · R8 keyword match débil pero target_titulo válido] keyword único,medium,"[CONEXIÓN] ¿Cómo conectan receptores y CBR con todo lo estudiado? RECEPTORES: 1) Notificaciones (Bloque 5, 26A). 2) Prue"
flashcard,cmnnwyp0h051r540zsw19nlwp,DERECHO_ORGANICO,COT_T11,DERECHO_PROCESAL_CIVIL,,,,0,,—,—,null,"[CASO] En un juicio ordinario civil, ¿qué auxiliares intervienen y en qué momento? SECUENCIA: 1) NOTARIO: si el conflict"
flashcard,cmnnwtgci029s540zzq01dt42,DERECHO_PROCESAL_CIVIL,CPC_LI_T11,DERECHO_ORGANICO,LIBRO_COT,COT_T5,,1,corte de apelaciones,P5,[PROMOTED low→medium · R8 keyword match débil pero target_titulo válido] 2 matches ambiguo,medium,¿Qué ocurre si el tribunal requerido en la inhibitoria se niega a inhibirse? Se produce una CONTIENDA DE COMPETENCIA: do
flashcard,cmnnwtidv02aw540z0l8g66wi,DERECHO_PROCESAL_CIVIL,CPC_LI_T12,DERECHO_ORGANICO,,,,0,,—,—,null,¿Qué efecto tiene que se acoja una implicancia o recusación? El juez inhabilitado deja de conocer del asunto y es SUBROG
flashcard,cmnnwtghy029v540zkblzrm9g,DERECHO_PROCESAL_CIVIL,CPC_LI_T11,DERECHO_ORGANICO,,,,0,,—,—,null,[CONEXIÓN] ¿Por qué la acumulación de autos y las cuestiones de competencia son incidentes ESPECIALES? Porque tienen tra
flashcard,cmnnwtiqp02b3540zhq4wpl2e,DERECHO_PROCESAL_CIVIL,CPC_LI_T12,DERECHO_ORGANICO,,,,0,,—,—,null,[CONEXIÓN] ¿Dónde están las causales de implicancia y recusación: en el CPC o en el COT? Las CAUSALES están en el COT (a
mcq,cmno43qw10077os0zqr5ddgsk,DERECHO_ORGANICO,COT_T6,DERECHO_PROCESAL_CIVIL,,,,0,,—,—,null,¿Qué recurso permite a la CS anular sentencias firmes cuando se descubren vicios graves posteriores? El recurso de revis
mcq,cmnnwylpp0502540zhknebv42,DERECHO_ORGANICO,COT_T11,DERECHO_PROCESAL_CIVIL,LIBRO_III_CPC,CPC_LIII_T1,CPC_LIII_T1_P1,1,juicio ejecutivo,P4,[PROMOTED low→medium · R8 keyword match débil pero target_titulo válido] keyword único,medium,El receptor en el juicio ejecutivo practica: Requerimiento + embargo: las 2 diligencias clave del ejecutivo. Ambas requi
mcq,cmnnwtgwq02a3540z01u8hw34,DERECHO_PROCESAL_CIVIL,CPC_LI_T11,DERECHO_ORGANICO,LIBRO_COT,COT_T6,COT_T6_P2,1,corte suprema,P4,[PROMOTED low→medium · R8 keyword match débil pero target_titulo válido] keyword único,medium,Si el tribunal requerido en la inhibitoria se niega a inhibirse: Contienda de competencia: dos tribunales reclaman compe
mcq,cmnnwwr5f040f540zf88n5gja,DERECHO_ORGANICO,COT_T7,DERECHO_CIVIL,,,,0,,—,—,null,Los asuntos no susceptibles de apreciación pecuniaria se reputan de: Mayor cuantía por defecto: si no tiene valor económ
mcq,cmnnxdxu900pmr30zrzl6cy0x,DERECHO_CIVIL,LIV_T32,DERECHO_PROCESAL_CIVIL,LIBRO_II_CPC,CPC_LII_T5,,1,medida precautoria,P1,[PROMOTED low→medium · R8 keyword match débil pero target_titulo válido] titulo sin parrafos,medium,El secuestro según el art. 2249 CC es: Art. 2249: puede ser convencional (acuerdo de litigantes) o judicial (medida prec
mcq,cmn3wjsuz01o0310zxexljklx,DERECHO_CIVIL,CPC_LIII_T19,DERECHO_ORGANICO,,,,0,,—,—,null,La casación en el fondo solo la conoce: Art. 767: CS = único tribunal competente para casación en el fondo.
mcq,cmn3wjxz001qr310znk0529zh,DERECHO_PROCESAL_CIVIL,CPC_LIII_T4,DERECHO_CIVIL,,,,0,,—,—,null,Las acciones posesorias se diferencian de la reivindicatoria en que: Posesorias = hecho posesorio. Reivindicatoria = der
mcq,cmn3wjspi01nx310z47fd7qtb,DERECHO_PROCESAL_CIVIL,CPC_LI_T17,DERECHO_ORGANICO,,,,0,,—,—,null,La reposición se interpone ante: Art. 181: ante el mismo tribunal. La apelación va al superior. La casación al superior 
mcq,cmnnwtgt102a1540z5l0wh12l,DERECHO_PROCESAL_CIVIL,CPC_LI_T11,DERECHO_ORGANICO,,,,0,,—,—,null,La vía DECLINATORIA para cuestionar la competencia consiste en: Declinatoria: se va al tribunal que está conociendo y se
mcq,cmn1748xu00q4p50zf9pa6j7f,DERECHO_PROCESAL_CIVIL,CPC_LII_T1,DERECHO_CIVIL,LIBRO_IV,LIV_T42,,1,prescripción extintiva,P5,[PROMOTED low→medium · R8 keyword match débil pero target_titulo válido] 3 matches ambiguo,medium,La notificación de la demanda produce la interrupción: Art. 2518 CC: la demanda judicialmente notificada interrumpe civi
mcq,cmnnwwkm403ww540zra0t7d48,DERECHO_ORGANICO,COT_T1,DERECHO_CIVIL,,,,0,,—,—,null,No se puede transigir sobre: Orden público: ciertos derechos son indisponibles. La autonomía privada tiene límites: el e
mcq,cmnnwwkny03wx540zegah7txd,DERECHO_ORGANICO,COT_T1,DERECHO_PROCESAL_CIVIL,LIBRO_III_CPC,CPC_LIII_T1,CPC_LIII_T1_P1,1,juicio ejecutivo,P4,[PROMOTED low→medium · R8 keyword match débil pero target_titulo válido] keyword único,medium,El avenimiento es título ejecutivo según: Art. 434 N°3: título ejecutivo. El avenimiento firmado ante tribunal + ministr
mcq,cmnnwwr7b040g540zk8c7ndsu,DERECHO_ORGANICO,COT_T7,DERECHO_PROCESAL_CIVIL,,,,0,,—,—,null,"La cuantía se fija al momento de: Se congela con la demanda: principio de fijación. Es como la radicación: determinada, "
mcq,cmnnwt102021k540zrky979wn,DERECHO_PROCESAL_CIVIL,CPC_LII_T2,DERECHO_ORGANICO,,,,0,,—,—,null,La notificación personal la practica: Ministro de fe = persona con autoridad legal para dar fe pública de la diligencia.
mcq,cmn172rki004yp50z3k24o4h0,DERECHO_PROCESAL_CIVIL,CPC_LIII_T1,DERECHO_CIVIL,LIBRO_II,LII_T7,,1,posesión,P5,[PROMOTED low→medium · R8 keyword match débil pero target_titulo válido] 2 matches ambiguo,medium,Las tercerías de dominio y posesión se tramitan como: Art. 521 CPC: tramitación como juicio ordinario porque discuten cu
mcq,cmnnwzk4u05ih540zg6dfdqxu,DERECHO_PROCESAL_CIVIL,CPC_LI_T12,DERECHO_ORGANICO,LIBRO_COT,COT_T8,,1,subrogación,P1,[PROMOTED low→medium · R8 keyword match débil pero target_titulo válido] titulo sin parrafos,medium,"Durante el juicio, el abogado de Joaquín descubre que el juez es socio de Luisa en una empresa. ¿Qué debe ocurrir? Ser s"
mcq,cmn174uie00yrp50zl20xx33k,DERECHO_PROCESAL_CIVIL,CPC_LIII_T19,DERECHO_ORGANICO,,,,0,,—,—,null,La casación en el fondo procede ante: Art. 767 CPC: la casación en el fondo es competencia EXCLUSIVA de la CS. Es el rec
mcq,cmn16po1r00tmfp0z2rq169ph,DERECHO_CIVIL,LII_T12,DERECHO_PROCESAL_CIVIL,,,,0,,—,—,null,El poseedor de buena fe vencido en juicio reivindicatorio: Art. 907 inc. 3 CC: el poseedor de buena fe no restituye frut
mcq,cmn172y8i007up50zen82gu07,DERECHO_PROCESAL_CIVIL,CPC_LIII_T4,DERECHO_CIVIL,LIBRO_II,LII_T7,,1,posesión,P5,[PROMOTED low→medium · R8 keyword match débil pero target_titulo válido] 2 matches ambiguo,medium,"En los interdictos posesorios el tribunal: Las acciones posesorias protegen la posesión como hecho jurídico, sin entrar "
mcq,cmnnwus7n02yk540zn7qflqcs,DERECHO_PROCESAL_CIVIL,CPC_LI_T19,DERECHO_CIVIL,,,,0,,—,—,null,"En el cumplimiento incidental, el deudor puede oponer: Excepciones limitadas: solo extintivas posteriores a la sentencia"
mcq,cmnnwypqj0525540zil3fnryo,DERECHO_ORGANICO,COT_T11,DERECHO_PROCESAL_CIVIL,LIBRO_III_CPC,CPC_LIII_T1,CPC_LIII_T1_P1,1,juicio ejecutivo,P4,[PROMOTED low→medium · R8 keyword match débil pero target_titulo válido] keyword único,medium,"[CASO] En juicio ejecutivo, el auxiliar más importante es: Receptor: el ejecutivo depende de la fuerza material. El rece"
mcq,cmn17e1uh00djy40z3xbat086,DERECHO_ORGANICO,COT_T7,DERECHO_PROCESAL_CIVIL,LIBRO_I_CPC,CPC_LI_T11,,1,declinatoria,P1,[PROMOTED low→medium · R8 keyword match débil pero target_titulo válido] titulo sin parrafos,medium,La declinatoria se tramita como: Art. 101 CPC: la declinatoria es una forma de alegar incompetencia. Se opone como excep
mcq,cmn17e92n00gdy40z0vkyv4zu,DERECHO_ORGANICO,COT_T12,DERECHO_PROCESAL_CIVIL,LIBRO_I_CPC,CPC_LI_T12,,1,recusación,P1,[PROMOTED low→medium · R8 keyword match débil pero target_titulo válido] titulo sin parrafos,medium,"La recusación amistosa consiste en: Art. 124 CPC: antes del incidente formal, la parte pide al juez que se aparte. Si ac"
mcq,cmn172yur0083p50zkzdgahqz,DERECHO_PROCESAL_CIVIL,CPC_LIII_T11,DERECHO_CIVIL,,,,0,,—,—,null,El juicio sumario del art. 680 inc. 2 Nº 6 CPC cubre: Art. 680 inc. 2 Nº 6 CPC: cláusula genérica que remite al sumario 
mcq,cmnnwugfq02sc540zvmn50vg2,DERECHO_PROCESAL_CIVIL,CPC_LI_T18,DERECHO_ORGANICO,,,,0,,—,—,null,El recurso de apelación se interpone ante: Bifásico: se presenta abajo (a quo) y se resuelve arriba (ad quem). El tribun
mcq,cmno43h5k001vos0zcoof9v4d,DERECHO_ORGANICO,COT_T15,DERECHO_PROCESAL_CIVIL,,,,0,,—,—,null,La diferencia esencial entre patrocinio y poder (mandato judicial) es: El patrocinio implica responsabilidad técnica (es
mcq,cmnnwylm20500540zvru9fwek,DERECHO_ORGANICO,COT_T11,DERECHO_CIVIL,,,,0,,—,—,null,La inscripción en el CBR es el modo de efectuar la: Tradición: la inscripción es el modo. Sin ella no hay transferencia 
mcq,cmnnwwtd0041m540zaefce7fz,DERECHO_ORGANICO,COT_T7,DERECHO_CIVIL,,,,0,,—,—,null,Los tribunales de familia conocen: El más variado: familia es el tribunal especial con mayor diversidad de materias. Des
mcq,cmnnwwxt70441540zhan84l9e,DERECHO_ORGANICO,COT_T7,DERECHO_PROCESAL_CIVIL,,,,0,,—,—,null,Si un juicio completo se tramitó ante tribunal absolutamente incompetente: Todo nulo: desde la demanda hasta la sentenci
mcq,cmnnwzft205g7540z0myk8ox4,DERECHO_PROCESAL_CIVIL,CPC_LI_T12,DERECHO_ORGANICO,,,,0,,—,—,null,Un juez que incurre en causal de implicancia dicta sentencia definitiva sin inhabilitarse. ¿Qué recurso del CPC permite 
mcq,cmnnxdyek00pxr30zpki08opp,DERECHO_CIVIL,LIV_T40,DERECHO_PROCESAL_CIVIL,,,,0,,—,—,null,La excepción de transacción según el art. 310 CPC puede oponerse: Art. 310 CPC: 4 excepciones en cualquier momento. La t
mcq,cmnnwpm4u007u540z4vql6ftx,DERECHO_CIVIL,LI_T21,DERECHO_PROCESAL_CIVIL,,,,0,,—,—,null,¿Qué actos procesales de disposición requieren autorización judicial del guardador? Los actos procesales de disposición 
mcq,cmnnwx6nb048u540z35xbfnzn,DERECHO_ORGANICO,COT_T7,DERECHO_CIVIL,LIBRO_II,LII_T7,,1,posesión,P5,[PROMOTED low→medium · R8 keyword match débil pero target_titulo válido] 2 matches ambiguo,medium,La posesión efectiva intestada se tramita: Registro Civil: la posesión efectiva intestada salió del sistema judicial. So
trueFalse,cmnnwwrnp040p540z97ssj1pv,DERECHO_ORGANICO,COT_T7,DERECHO_CIVIL,LIBRO_I,LI_T7,,1,filiación,P5,[PROMOTED low→medium · R8 keyword match débil pero target_titulo válido] 2 matches ambiguo,medium,Los asuntos de estado civil se reputan de mayor cuantía. Los asuntos no susceptibles de apreciación pecuniaria (estado c
trueFalse,cmnnwyq58052d540zsh65i8wr,DERECHO_ORGANICO,COT_T11,DERECHO_PROCESAL_CIVIL,LIBRO_III_CPC,CPC_LIII_T1,CPC_LIII_T1_P1,1,juicio ejecutivo,P4,[PROMOTED low→medium · R8 keyword match débil pero target_titulo válido] keyword único,medium,[CASO] En el juicio ejecutivo el auxiliar más importante es el relator. Es el RECEPTOR: practica requerimiento de pago y
trueFalse,cmno442y800d7os0zks3rrdzk,DERECHO_PROCESAL_CIVIL,CPC_LIII_T3,DERECHO_CIVIL,,,,0,,—,—,null,"Declarado judicialmente, el derecho legal de retención produce los mismos efectos que la prenda o hipoteca para fines de"
trueFalse,cmnnwvqvv03h4540zlvvef2m6,DERECHO_PROCESAL_CIVIL,CPC_LIV_T3,DERECHO_CIVIL,LIBRO_I,LI_T2,LI_T2_P4,1,muerte presunta,P4,[PROMOTED low→medium · R8 keyword match débil pero target_titulo válido] dominante 2 vs 1,medium,La muerte presunta y la posesión efectiva son ejemplos de actos no contenciosos. Ambos requieren intervención judicial s
trueFalse,cmn172t50005lp50zilxs7k29,DERECHO_PROCESAL_CIVIL,CPC_LIII_T1,DERECHO_CIVIL,LIBRO_II,LII_T7,,1,posesión,P5,[PROMOTED low→medium · R8 keyword match débil pero target_titulo válido] 2 matches ambiguo,medium,La tercería de dominio se tramita como incidente de 3 días. Art. 521 CPC: la tercería de dominio (y la de posesión) se t
trueFalse,cmn16ppue00udfp0z60j6b5lz,DERECHO_CIVIL,LII_T12,DERECHO_PROCESAL_CIVIL,,,,0,,—,—,null,El poseedor de buena fe no debe restituir los frutos percibidos antes de la contestación de la demanda reivindicatoria. 
trueFalse,cmn3whasf00co310zreh9jx3f,DERECHO_PROCESAL_CIVIL,CPC_LII_T6,DERECHO_CIVIL,LIBRO_IV,LIV_T42,LIV_T42_P3,1,prescripción adquisitiva,P4,[PROMOTED low→medium · R8 keyword match débil pero target_titulo válido] dominante 2 vs 1,medium,La prescripción adquisitiva solo puede alegarse como excepción. Puede alegarse como ACCIÓN (demanda para declarar domini
trueFalse,cmnnwwkyz03x3540z31c84rds,DERECHO_ORGANICO,COT_T1,DERECHO_CIVIL,LIBRO_I,LI_T4,,1,matrimonio,P1,[PROMOTED low→medium · R8 keyword match débil pero target_titulo válido] titulo sin parrafos,medium,Los equivalentes jurisdiccionales pueden usarse para resolver cuestiones de estado civil. NO: el estado civil es materia
trueFalse,cmnnwth9j02aa540z3cs9udpz,DERECHO_PROCESAL_CIVIL,CPC_LI_T13,DERECHO_ORGANICO,LIBRO_COT,COT_T5,,1,corte de apelaciones,P5,[PROMOTED low→medium · R8 keyword match débil pero target_titulo válido] 2 matches ambiguo,medium,La contienda de competencia se resuelve por el tribunal superior común a los tribunales en conflicto. Si dependen de la 
trueFalse,cmnnwwtrz041u540zwr1pi24z,DERECHO_ORGANICO,COT_T7,DERECHO_CIVIL,LIBRO_I,LI_T4,,1,matrimonio,P1,[PROMOTED low→medium · R8 keyword match débil pero target_titulo válido] titulo sin parrafos,medium,Los tribunales de familia conocen violencia intrafamiliar. VIF es materia de tribunal de familia (Ley 19.968). También c
trueFalse,cmnnwym6a050b540z0qibe9h7,DERECHO_ORGANICO,COT_T11,DERECHO_PROCESAL_CIVIL,LIBRO_III_CPC,CPC_LIII_T1,,1,juicio ejecutivo,P5,[PROMOTED low→medium · R8 keyword match débil pero target_titulo válido] 2 matches ambiguo,medium,El receptor practica el embargo en el juicio ejecutivo. Art. 450 CPC: el receptor va al domicilio del deudor y embarga l
definicion,cmnnwzitk05hs540zlnnaqr1t,DERECHO_PROCESAL_CIVIL,CPC_LI_T12,DERECHO_ORGANICO,,,,0,,—,—,null,Análisis orgánico previo a la demanda Proceso intelectual que todo abogado debe realizar antes de presentar una demanda:
definicion,cmnnwx50m047y540zlqdyt8zu,DERECHO_ORGANICO,COT_T7,DERECHO_CIVIL,LIBRO_I,LI_T2,,1,muerte presunta,P5,[PROMOTED low→medium · R8 keyword match débil pero target_titulo válido] 2 matches ambiguo,medium,Competencia relativa en no contenciosos (art. 134 COT) Domicilio del SOLICITANTE. Regla INVERSA a la contenciosa (demand
definicion,cmnnwyop3051l540zpfr1q8z8,DERECHO_ORGANICO,COT_T11,DERECHO_CIVIL,,,,0,,—,—,null,Cadena título-modo (notario+conservador) NOTARIO otorga escritura (título) → CONSERVADOR inscribe en Registro de Propied
definicion,cmn3wcjj0004nza0zcr0dvcwm,DERECHO_PROCESAL_CIVIL,CPC_LII_T1,DERECHO_CIVIL,LIBRO_IV,LIV_T42,LIV_T42_P3,1,prescripción adquisitiva,P4,[PROMOTED low→medium · R8 keyword match débil pero target_titulo válido] dominante 2 vs 1,medium,Prescripción como acción Demanda (principal o reconvencional) para que se declare dominio por prescripción adquisitiva. 
definicion,cmnnwzgnr05gn540z2s73uxa0,DERECHO_ORGANICO,COT_INTEGRADOR_FINAL,DERECHO_PROCESAL_CIVIL,,,,0,,—,—,null,Irradiación sustantiva sobre la competencia Fenómeno por el cual las instituciones del Código Civil condicionan la compe
definicion,cmnnwzivg05ht540zge13lwbp,DERECHO_ORGANICO,COT_INTEGRADOR_FINAL,DERECHO_PROCESAL_CIVIL,,,,0,,—,—,null,Trayectoria orgánica del caso civil Recorrido que sigue un asunto civil a través del sistema del COT: ingreso ante tribu
definicion,cmnnwzl2q05iz540zzj3fxfcu,DERECHO_ORGANICO,COT_INTEGRADOR_FINAL,DERECHO_PROCESAL_CIVIL,,,,0,,—,—,null,Trayectoria completa del conflicto civil Recorrido que sigue un conflicto desde su origen sustantivo hasta su resolución
definicion,cmnnxdug900nxr30zdk6yazl5,DERECHO_CIVIL,LIV_T32,DERECHO_PROCESAL_CIVIL,LIBRO_II_CPC,CPC_LII_T5,,1,medida precautoria,P1,[PROMOTED low→medium · R8 keyword match débil pero target_titulo válido] titulo sin parrafos,medium,Secuestro Depósito de cosa disputada por dos o más personas en manos de un tercero (secuestre) que restituye al vencedor
definicion,cmnnwya5u04tt540zxgkriwub,DERECHO_ORGANICO,COT_T9,DERECHO_CIVIL,LIBRO_I,LI_T4,,1,matrimonio,P1,[PROMOTED low→medium · R8 keyword match débil pero target_titulo válido] titulo sin parrafos,medium,Arbitraje prohibido (arts. 229-230 COT) Materias que NUNCA pueden ir a arbitraje: causas penales (ius puniendi del Estad
definicion,cmno43tzo008ros0zgi1z8e9m,DERECHO_PROCESAL_CIVIL,CPC_LI_T19,DERECHO_CIVIL,LIBRO_IV,LIV_T15,,1,novación,P1,[PROMOTED low→medium · R8 keyword match débil pero target_titulo válido] titulo sin parrafos,medium,"Excepciones del art. 234 CPC Defensas taxativas del ejecutado en el cumplimiento incidental: pago, remisión, concesión d"
definicion,cmnnwxxey04n0540zy3w1dt2d,DERECHO_ORGANICO,COT_T2,DERECHO_CIVIL,LIBRO_I,LI_T7,,1,filiación,P5,[PROMOTED low→medium · R8 keyword match débil pero target_titulo válido] 2 matches ambiguo,medium,Tribunales de familia (Ley 19.968) Tribunales ESPECIALES con jueces especializados y procedimiento ORAL. Creados en 2004
definicion,cmnnwwryp040v540z1wcyeam6,DERECHO_ORGANICO,COT_T7,DERECHO_CIVIL,LIBRO_I,LI_T4,,1,matrimonio,P1,[PROMOTED low→medium · R8 keyword match débil pero target_titulo válido] titulo sin parrafos,medium,"Tribunales de familia (Ley 19.968) Tribunal especial con la mayor variedad de materias: matrimonio (nulidad, separación,"
definicion,cmnnwzcdi05ed540z3g218qxs,DERECHO_ORGANICO,COT_INTEGRADOR_FINAL,DERECHO_PROCESAL_CIVIL,,,,0,,—,—,null,Competencia absoluta vs. competencia relativa La competencia absoluta se determina por factores de orden público (fuero 
definicion,cmnnwzcfg05ee540z51mwfk3o,DERECHO_ORGANICO,COT_INTEGRADOR_FINAL,DERECHO_PROCESAL_CIVIL,,,,0,,—,—,null,Estructura piramidal de tribunales ordinarios Organización jerárquica en tres niveles con funciones diferenciadas: (1) J
definicion,cmnnwzchp05ef540zqopyjvin,DERECHO_ORGANICO,COT_INTEGRADOR_FINAL,DERECHO_PROCESAL_CIVIL,,,,0,,—,—,null,"Función integradora de los auxiliares Rol sistémico de los 8 tipos de auxiliares (fiscalía judicial, defensores públicos"
definicion,cmnnwzcjp05eg540z7055hftv,DERECHO_ORGANICO,COT_INTEGRADOR_FINAL,DERECHO_PROCESAL_CIVIL,,,,0,,—,—,null,Mecanismo de cierre del sistema jurisdiccional Conjunto integrado de instituciones que garantiza que ningún asunto quede
definicion,cmnnwzehw05fi540zi828n6mu,DERECHO_ORGANICO,COT_INTEGRADOR_FINAL,DERECHO_PROCESAL_CIVIL,,,,0,,—,—,null,Complementariedad COT-CPC Relación funcional entre el Código Orgánico de Tribunales y el Código de Procedimiento Civil: 
definicion,cmnnwzejp05fj540za0fkpc0t,DERECHO_ORGANICO,COT_INTEGRADOR_FINAL,DERECHO_PROCESAL_CIVIL,,,,0,,—,—,null,Supletoriedad del CPC (art. 3) Principio según el cual las reglas del juicio ordinario del CPC se aplican a todos los pr
definicion,cmnnwzene05fl540zccagtu33,DERECHO_ORGANICO,COT_INTEGRADOR_FINAL,DERECHO_PROCESAL_CIVIL,,,,0,,—,—,null,Auxiliares como puente operativo Función sistémica de los auxiliares de la administración de justicia (COT) como ejecuto
definicion,cmnnwzgpl05go540zr68itkk9,DERECHO_ORGANICO,COT_INTEGRADOR_FINAL,DERECHO_PROCESAL_CIVIL,,,,0,,—,—,null,Dualidad jurisdiccional en derecho de familia Situación que se produce cuando la ruptura matrimonial activa dos jurisdic
definicion,cmnnwzgrg05gp540zufsdxula,DERECHO_ORGANICO,COT_INTEGRADOR_FINAL,DERECHO_PROCESAL_CIVIL,,,,0,,—,—,null,Materialización jurisdiccional del derecho civil Principio según el cual muchas instituciones del Código Civil requieren
definicion,cmnnwzgtb05gq540z8tmmhmv0,DERECHO_ORGANICO,COT_INTEGRADOR_FINAL,DERECHO_PROCESAL_CIVIL,,,,0,,—,—,null,Competencia territorial en acciones reales (art. 135 COT) Regla especial de competencia relativa según la cual las accio
definicion,cmnnwzix905hu540zoo98qze2,DERECHO_ORGANICO,COT_INTEGRADOR_FINAL,DERECHO_PROCESAL_CIVIL,,,,0,,—,—,null,"Convergencia de los tres niveles normativos Funcionamiento simultáneo del Código Civil (derecho sustantivo), el CPC (pro"
definicion,cmnnwzkys05ix540z0imv3lsq,DERECHO_ORGANICO,COT_INTEGRADOR_FINAL,DERECHO_PROCESAL_CIVIL,,,,0,,—,—,null,Sistema normativo integrado del examen de grado Conjunto formado por tres niveles normativos interdependientes que const
definicion,cmnnwzl0w05iy540zn6btye2f,DERECHO_ORGANICO,COT_INTEGRADOR_FINAL,DERECHO_PROCESAL_CIVIL,,,,0,,—,—,null,"Convergencia de los tres códigos Fenómeno por el cual el CC, el CPC y el COT operan simultáneamente en cada actuación pr"
definicion,cmnnwzl4n05j0540zp7i3n98d,DERECHO_ORGANICO,COT_INTEGRADOR_FINAL,DERECHO_PROCESAL_CIVIL,,,,0,,—,—,null,Formación jurídica integrada Principio pedagógico según el cual el dominio del derecho civil y procesal exige comprender
definicion,cmn3wdm6w00qnza0z29uli2b9,DERECHO_CIVIL,CPC_LII_T6,DERECHO_CIVIL,LIBRO_IV,LIV_T15,,1,novación,P1,[PROMOTED low→medium · R8 keyword match débil pero target_titulo válido] titulo sin parrafos,medium,"Excepciones perentorias Atacan el fondo. En la contestación. Pago, novación, remisión, compensación, prescripción."
definicion,cmnnwykcy04zc540zjnugjvda,DERECHO_ORGANICO,COT_T11,DERECHO_CIVIL,,,,0,,—,—,null,Conservador de Bienes Raíces (CBR) Auxiliar encargado del REGISTRO de la propiedad inmueble. 3 registros: PROPIEDAD (dom
definicion,cmnnwyon8051k540z1vwd6t21,DERECHO_ORGANICO,COT_T11,DERECHO_PROCESAL_CIVIL,LIBRO_III_CPC,CPC_LIII_T1,CPC_LIII_T1_P1,1,juicio ejecutivo,P4,[PROMOTED low→medium · R8 keyword match débil pero target_titulo válido] keyword único,medium,Auxiliares en juicio ejecutivo RECEPTOR: requerimiento de pago + embargo (indispensable). SECRETARIO: autoriza resolucio
definicion,cmnnwtfhg029b540znhexuoqk,DERECHO_PROCESAL_CIVIL,CPC_LI_T11,DERECHO_ORGANICO,LIBRO_COT,COT_T5,,1,corte de apelaciones,P5,[PROMOTED low→medium · R8 keyword match débil pero target_titulo válido] 2 matches ambiguo,medium,Contienda de competencia Conflicto entre dos tribunales que reclaman o rechazan competencia sobre un mismo asunto. Surge
definicion,cmnnwziz305hv540z1w681i40,DERECHO_PROCESAL_CIVIL,CPC_LI_T11,DERECHO_ORGANICO,,,,0,,—,—,null,Protección multinivel de la competencia Sistema de garantías que protege la correcta determinación de la competencia: (1